T [ms],AccX [mg],AccY [mg],AccZ [mg],GyroX [mdps],GyroY [mdps],GyroZ [mdps],MagX [mgauss],MagY [mgauss],MagZ [mgauss],P [mB],T [°C],
141387, 421, -103, -871, -2520, 700, 210, 106, -312, -78, 976.89, 22.69
141427, 425, -99, -871, -2940, 700, 0, 103, -310, -75, 976.92, 22.70
141467, 420, -100, -875, -3220, 700, 0, 97, -309, -73, 976.94, 22.69
141507, 416, -105, -881, -3710, 700, -70, 117, -318, -70, 976.97, 22.70
141547, 415, -90, -879, -4200, 700, -70, 106, -307, -79, 976.99, 22.70
141587, 418, -89, -876, -4480, 700, -70, 111, -315, -70, 977.03, 22.71
141627, 381, -95, -896, -4480, 630, -210, 117, -316, -73, 976.97, 22.71
141667, 359, -82, -887, -4690, 280, -630, 111, -306, -69, 976.98, 22.72
141707, 410, -38, -894, -4760, 420, -770, 111, -307, -67, 976.96, 22.72
141747, 420, -90, -870, -4760, 700, 0, 117, -309, -73, 976.98, 22.72
141787, 467, -54, -831, -5740, 910, -350, 117, -309, -67, 976.95, 22.72
141827, 489, -80, -814, -5600, 910, 840, 115, -300, -66, 976.95, 22.72
141867, 507, -99, -891, -2450, 280, -910, 112, -304, -67, 976.92, 22.73
141907, 467, -55, -801, -1260, 1120, -3220, 112, -309, -73, 976.95, 22.73
141947, 460, -49, -895, -1540, 630, -3010, 121, -310, -70, 976.93, 22.73
141987, 489, 1, -858, -2660, 1120, -1260, 105, -306, -72, 976.98, 22.74
142027, 481, -18, -829, -3360, 1610, 980, 109, -295, -67, 976.99, 22.74
142067, 479, -99, -824, -3220, 1050, 1120, 108, -301, -72, 976.96, 22.75
142107, 514, -136, -821, -2590, 350, 280, 108, -301, -72, 976.98, 22.75
142147, 546, -42, -836, -3710, 910, 70, 105, -301, -76, 976.87, 22.75
142187, 506, -23, -826, -2310, 1190, 140, 106, -297, -67, 976.95, 22.76
142227, 517, -42, -844, -420, 490, -1190, 117, -307, -67, 976.98, 22.76
142267, 557, -107, -788, 350, 770, -1400, 112, -301, -66, 976.97, 22.76
142307, 512, -153, -833, 840, -70, -3150, 115, -300, -76, 976.97, 22.76
142347, 541, -58, -853, 420, 70, -5810, 105, -295, -78, 976.93, 22.76
142387, 484, -56, -835, 490, 140, -5600, 100, -288, -73, 976.93, 22.76
142427, 493, -38, -791, 490, 630, -5250, 106, -298, -69, 976.93, 22.76
142467, 580, -70, -838, 980, 1120, -4760, 109, -301, -78, 976.92, 22.77
142507, 582, 12, -804, 3850, 1470, -4130, 106, -286, -72, 976.97, 22.77
142547, 565, -79, -832, 5740, 1610, -5040, 112, -292, -76, 976.94, 22.78
142587, 525, -81, -836, 7350, 1540, -6230, 100, -298, -84, 976.91, 22.78
142627, 514, -71, -787, 8470, 1190, -7700, 102, -297, -91, 976.95, 22.78
142667, 510, -66, -869, 8890, 700, -7280, 105, -298, -94, 976.93, 22.77
142707, 600, -70, -771, 10430, 1820, -7210, 96, -292, -96, 976.95, 22.78
142747, 551, -71, -792, 11550, 980, -7630, 99, -297, -102, 976.98, 22.77
142787, 536, -116, -826, 12110, 1260, -7630, 88, -294, -105, 976.95, 22.77
142827, 548, -62, -816, 11060, 1470, -7770, 94, -292, -106, 976.99, 22.77
142867, 616, -11, -830, 9940, 980, -5880, 90, -295, -99, 977.02, 22.77
142907, 644, 18, -757, 7490, 1960, -2240, 93, -297, -100, 976.99, 22.77
142947, 613, -8, -814, 4970, 2100, 1680, 100, -306, -109, 976.97, 22.77
142987, 550, -45, -820, 2940, 2800, 4620, 106, -306, -117, 977.02, 22.77
143027, 546, -69, -715, 70, 2870, 7140, 103, -309, -121, 977.03, 22.77
143067, 599, -43, -892, -4410, 2030, 9730, 91, -297, -117, 976.95, 22.77
143107, 566, -99, -753, -7560, 3010, 11620, 93, -312, -106, 976.99, 22.77
143147, 598, -78, -801, -10570, 3220, 12180, 94, -301, -112, 976.96, 22.76
143187, 582, -47, -737, -13090, 3430, 13020, 96, -318, -97, 976.98, 22.76
143227, 585, 38, -748, -15680, 3010, 14140, 96, -301, -96, 976.96, 22.76
143267, 560, -27, -896, -15960, 2240, 16170, 115, -313, -93, 976.95, 22.77
143307, 380, -113, -838, -15260, 770, 14630, 112, -309, -88, 976.90, 22.75
143347, 497, -157, -863, -14280, 980, 12110, 130, -306, -88, 976.89, 22.74
143387, 409, -104, -905, -14490, 840, 9380, 132, -307, -76, 976.94, 22.73
143427, 358, -40, -868, -14490, 980, 7560, 124, -300, -76, 976.96, 22.71
143467, 431, -41, -856, -13930, 840, 8400, 126, -304, -81, 976.90, 22.70
143507, 416, 29, -948, -14910, -70, 8820, 118, -298, -78, 976.95, 22.70
143547, 469, 2, -854, -15890, -70, 10850, 126, -300, -81, 976.98, 22.69
143587, 586, -21, -762, -17640, 630, 12950, 129, -292, -88, 976.92, 22.68
143627, 490, 35, -918, -16660, -490, 10640, 132, -298, -76, 976.92, 22.68
143667, 509, 32, -823, -14770, 490, 10080, 129, -294, -73, 976.88, 22.66
143707, 479, -15, -866, -10990, 280, 9800, 135, -294, -75, 976.97, 22.66
143747, 421, -98, -856, -8400, -350, 8190, 126, -285, -69, 976.96, 22.66
143787, 369, -148, -814, -7490, -770, 5250, 145, -291, -69, 976.95, 22.65
143827, 457, -103, -864, -6720, -140, 1610, 138, -286, -60, 976.98, 22.64
143867, 516, -74, -818, -5180, 770, -1120, 133, -288, -58, 976.98, 22.63
143907, 514, -108, -814, -2380, 1260, -3430, 135, -283, -58, 976.95, 22.63
143947, 553, -47, -777, -700, 1610, -6300, 138, -283, -72, 976.94, 22.63
143987, 538, -44, -869, 1680, 700, -7350, 144, -279, -64, 976.95, 22.63
144027, 466, -4, -919, 2800, 700, -6860, 136, -283, -73, 977.04, 22.63
144067, 463, -60, -882, 4620, 1750, -7070, 130, -277, -79, 976.98, 22.62
144107, 571, -18, -888, 7210, 2590, -8890, 126, -282, -81, 976.97, 22.62
144147, 557, -43, -761, 8260, 2940, -8260, 132, -279, -85, 976.92, 22.61
144187, 550, -40, -824, 8750, 1400, -6580, 120, -279, -88, 976.92, 22.60
144227, 485, -21, -791, 8120, 1540, -4620, 118, -286, -100, 976.96, 22.60
144267, 366, 8, -794, 8190, 980, -5320, 108, -282, -90, 976.90, 22.58
144307, 306, -27, -921, 7840, -350, -3430, 111, -282, -94, 976.93, 22.57
144347, 399, 5, -984, 7770, -700, -3570, 112, -297, -82, 976.93, 22.57
144387, 366, -89, -978, 7630, -910, -1120, 117, -285, -82, 976.94, 22.56
144427, 516, -61, -883, 5950, 770, -700, 120, -294, -84, 976.95, 22.56
144467, 586, -44, -786, 3150, 2520, 2730, 127, -288, -81, 976.94, 22.56
144507, 515, -114, -755, 2800, 1260, 2170, 129, -289, -96, 976.95, 22.54
144547, 417, -37, -850, 2800, -210, 980, 124, -285, -97, 976.92, 22.54
144587, 279, -62, -845, 4200, -1260, 1750, 123, -301, -91, 976.97, 22.54
144627, 350, -26, -939, 4410, -3010, 1680, 126, -297, -103, 976.89, 22.54
144667, 552, -87, -888, 4900, -2030, 770, 130, -304, -103, 976.91, 22.54
144707, 632, -11, -798, 5180, -770, -630, 120, -298, -88, 976.94, 22.54
144747, 571, 9, -739, 6090, -70, 1190, 120, -295, -79, 976.92, 22.54
144787, 546, 18, -819, 4830, 70, 3850, 124, -304, -94, 977.02, 22.53
144827, 422, -18, -765, 3080, 560, 7140, 129, -304, -78, 977.00, 22.54
144867, 484, -107, -851, -910, -910, 10990, 144, -310, -87, 976.98, 22.53
144907, 549, -146, -814, -5600, -2170, 10710, 147, -316, -78, 976.94, 22.52
144947, 579, -126, -854, -10290, -1330, 11130, 145, -316, -73, 976.93, 22.50
144987, 556, -71, -833, -15260, -140, 11410, 154, -306, -82, 976.92, 22.49
145027, 498, -130, -810, -17570, 1120, 11760, 153, -304, -81, 976.94, 22.47
145067, 390, -144, -824, -16660, 280, 8330, 153, -303, -84, 976.94, 22.46
145107, 420, -126, -793, -15540, 700, 4760, 147, -303, -82, 976.86, 22.46
145147, 231, -58, -899, -15540, -3010, 2800, 138, -294, -85, 976.96, 22.44
145187, 355, -18, -974, -12390, -4620, 420, 136, -291, -73, 976.93, 22.43
145227, 474, -6, -887, -10570, -2170, 350, 150, -301, -72, 976.94, 22.41
145267, 485, 70, -970, -8330, -350, -490, 148, -291, -63, 976.99, 22.41
145307, 461, 98, -917, -7070, 2100, 630, 142, -298, -60, 976.98, 22.41
145347, 500, 47, -943, -4900, 3290, 1260, 156, -292, -55, 976.94, 22.41
145387, 502, -47, -826, -3710, 4830, 3500, 153, -298, -72, 976.94, 22.41
145427, 482, -70, -798, -5880, 5180, 3920, 150, -288, -70, 976.96, 22.41
145467, 465, -71, -788, -9730, 5110, 4760, 151, -289, -73, 976.96, 22.40
145507, 447, -25, -791, -13440, 4900, 5460, 147, -286, -70, 976.92, 22.39
145547, 499, -15, -839, -15820, 5670, 5250, 144, -280, -64, 976.94, 22.38
145587, 534, -33, -787, -15470, 7490, 4130, 135, -283, -60, 976.96, 22.37
145627, 447, -98, -847, -12950, 5670, 1400, 139, -276, -49, 977.00, 22.36
145667, 435, -68, -883, -9940, 2310, -3010, 141, -279, -57, 976.98, 22.36
145707, 421, -10, -951, -4410, -1610, -6860, 144, -271, -49, 976.94, 22.36
145747, 482, -54, -900, 1890, -2100, -10220, 148, -276, -61, 976.94, 22.36
145787, 404, -106, -966, 8610, -3220, -13510, 139, -276, -73, 976.92, 22.36
145827, 384, -129, -883, 13160, -1750, -16450, 132, -265, -72, 976.95, 22.37
145867, 411, -68, -901, 17010, -770, -18340, 127, -273, -72, 976.96, 22.34
145907, 497, -39, -814, 21070, 1540, -17430, 124, -270, -82, 976.97, 22.34
145947, 417, 8, -850, 23380, -770, -15120, 114, -282, -93, 976.96, 22.34
145987, 391, 64, -929, 21770, -2520, -11200, 106, -288, -81, 976.99, 22.33
146027, 432, -18, -895, 20650, -350, -6580, 108, -298, -79, 976.97, 22.33
146067, 495, -2, -844, 17500, 1190, -4130, 112, -286, -84, 976.95, 22.32
146107, 502, 13, -809, 12880, 1540, -70, 120, -297, -84, 976.96, 22.32
146147, 457, -45, -841, 7490, 70, 4480, 127, -297, -82, 976.97, 22.31
146187, 483, -37, -779, 2660, -490, 7630, 130, -303, -99, 977.02, 22.30
146227, 513, -66, -831, -2380, -1050, 10080, 118, -304, -97, 977.05, 22.29
146267, 456, -93, -869, -5740, -1190, 10850, 121, -301, -100, 976.99, 22.28
146307, 512, -91, -875, -8610, 420, 9940, 121, -297, -91, 976.93, 22.25
146347, 462, -46, -809, -9100, 2450, 7420, 115, -297, -84, 976.93, 22.24
146387, 330, -70, -891, -7350, 770, 5180, 130, -291, -76, 976.96, 22.23
146427, 409, -37, -979, -5950, 140, 3640, 130, -297, -79, 976.93, 22.22
146467, 386, 28, -904, -4550, 770, 4550, 136, -301, -76, 976.89, 22.22
146507, 383, 38, -890, -3010, 770, 5460, 133, -297, -79, 976.89, 22.21
146547, 438, -63, -840, -2170, 1050, 6510, 139, -301, -79, 976.93, 22.22
146587, 479, -96, -804, -980, 350, 4900, 129, -300, -79, 976.93, 22.21
146627, 532, -78, -813, -1680, 490, 3780, 129, -304, -93, 976.91, 22.21
146667, 511, -109, -874, -3360, 1120, 4130, 129, -298, -90, 976.94, 22.20
146707, 492, -35, -874, -5600, 1820, 3710, 124, -298, -84, 977.02, 22.19
146747, 473, 2, -806, -7770, 2380, 5740, 118, -298, -84, 976.99, 22.18
146787, 490, 18, -838, -10990, 1680, 7770, 121, -300, -76, 976.99, 22.16
146827, 456, -79, -953, -12250, 210, 9590, 135, -292, -79, 977.03, 22.15
146867, 457, 10, -889, -14070, 1260, 8610, 145, -301, -69, 976.93, 22.14
146907, 482, 3, -765, -12810, 3010, 7910, 150, -289, -73, 976.93, 22.14
146947, 469, -51, -755, -10150, 3080, 5110, 141, -282, -82, 976.92, 22.12
146987, 495, -4, -744, -6930, 1260, 1610, 133, -286, -81, 976.98, 22.11
147027, 359, -41, -931, -3710, -3570, 1260, 135, -282, -76, 977.00, 22.09
147067, 395, -64, -1031, -2240, -4200, 280, 123, -288, -72, 977.02, 22.09
147107, 378, -74, -989, -840, -1610, -1120, 124, -288, -63, 976.97, 22.09
147147, 464, -107, -815, 1050, 1750, -3290, 135, -285, -63, 976.98, 22.09
147187, 373, -83, -813, 1540, -910, -4270, 141, -292, -63, 977.00, 22.09
147227, 401, -40, -875, 2800, -3990, -5880, 148, -285, -64, 976.98, 22.09
147267, 400, -4, -915, 4550, -4200, -5040, 141, -289, -75, 976.99, 22.08
147307, 486, -67, -723, 5880, -560, -3850, 142, -292, -78, 976.98, 22.07
147347, 437, -53, -960, 6300, 420, -4480, 147, -283, -79, 977.07, 22.06
147387, 565, -117, -783, 5950, 4550, -3640, 121, -291, -85, 977.09, 22.04
147427, 608, -80, -771, 3360, 3360, -3990, 123, -303, -87, 977.06, 22.02
147467, 473, -25, -859, 1470, -980, -3220, 129, -295, -76, 977.00, 22.01
147507, 470, -60, -843, -140, -2170, -1120, 123, -286, -70, 977.00, 22.00
147547, 402, -46, -982, -2450, -2170, -770, 132, -289, -61, 977.03, 21.99
147587, 419, -124, -946, -6020, 3500, -1120, 139, -297, -67, 976.96, 21.99
147627, 414, -43, -731, -7070, 5390, -1260, 145, -292, -78, 976.86, 21.99
147667, 379, 71, -925, -6510, 1120, -1400, 123, -282, -85, 976.97, 21.97
147707, 393, 9, -983, -4060, 140, -210, 127, -277, -75, 976.96, 21.96
147747, 401, -28, -803, -1400, 2450, -210, 129, -277, -76, 976.92, 21.96
147787, 404, -45, -865, 2030, 1190, -2660, 127, -294, -73, 976.92, 21.94
147827, 444, -67, -833, 3290, 770, -3290, 124, -288, -69, 976.94, 21.93
147867, 488, -23, -805, 4620, -1470, -3570, 121, -292, -61, 976.90, 21.92
147907, 393, -58, -1017, 4690, -3360, -3430, 135, -288, -67, 976.97, 21.91
147947, 543, 89, -784, 4270, -1120, -2170, 129, -282, -72, 976.93, 21.90
147987, 524, 34, -936, 2240, -980, 1610, 136, -291, -72, 976.90, 21.90
148027, 434, 49, -837, 1330, 140, 4620, 133, -292, -87, 976.93, 21.89
148067, 485, 45, -872, -280, 420, 5880, 121, -286, -81, 976.92, 21.89
148107, 371, 17, -800, -1190, 700, 7980, 124, -288, -79, 976.93, 21.87
148147, 426, -14, -869, -1750, 910, 8960, 126, -291, -72, 976.95, 21.86
148187, 387, -62, -919, -2450, 1260, 8750, 139, -301, -78, 976.98, 21.85
148227, 438, -125, -896, -3290, 2240, 7000, 135, -291, -72, 977.03, 21.83
148267, 408, -99, -879, -3780, 840, 4760, 139, -291, -73, 976.99, 21.83
148307, 445, -61, -911, -3080, 1820, 1400, 130, -288, -91, 976.97, 21.83
148347, 413, -28, -865, -2170, 280, 910, 144, -291, -88, 977.00, 21.82
148387, 420, -66, -890, -2380, -280, 2520, 123, -292, -72, 976.97, 21.81
148427, 411, -102, -894, -3220, 910, 2940, 132, -289, -75, 976.98, 21.80
148467, 495, -63, -843, -3920, 2800, 1260, 123, -291, -72, 977.01, 21.79
148507, 474, -142, -660, -4620, 2590, 700, 133, -300, -63, 976.98, 21.77
148547, 494, -54, -764, -4760, -2100, -1050, 147, -288, -72, 977.01, 21.77
148587, 426, -112, -1050, -1960, -3430, -2800, 141, -282, -75, 976.98, 21.77
148627, 556, -150, -921, -210, 420, -6580, 135, -289, -76, 976.96, 21.76
148667, 433, -121, -818, 2730, 840, -9660, 136, -282, -93, 976.94, 21.75
148707, 441, 6, -972, 4830, 560, -10990, 130, -283, -90, 976.90, 21.74
148747, 424, -17, -744, 4620, 1470, -7910, 118, -277, -82, 976.91, 21.73
148787, 212, 37, -878, 2660, -3710, -5250, 121, -286, -70, 976.96, 21.73
148827, 432, 2, -1171, 1610, -2450, -1960, 123, -288, -63, 976.97, 21.71
148867, 582, 89, -621, 140, 7420, -210, 129, -283, -57, 976.95, 21.70
148907, 435, 20, -846, -3150, 5040, 5530, 138, -288, -78, 976.96, 21.69
148947, 361, -70, -1021, -4270, 140, 6440, 129, -279, -82, 976.95, 21.68
148987, 415, -70, -808, -5320, 700, 4970, 130, -291, -78, 976.97, 21.67
149027, 449, -65, -880, -5180, -1470, 3360, 124, -279, -81, 977.01, 21.65
149067, 443, -75, -771, -4340, -1820, 2100, 120, -268, -67, 977.02, 21.63
149107, 602, -25, -824, -3360, 1680, -350, 130, -288, -58, 976.98, 21.61
149147, 428, 35, -896, -2310, -700, -350, 136, -282, -64, 977.00, 21.61
149187, 457, -4, -1073, 350, -1190, 630, 139, -283, -70, 976.97, 21.60
149227, 463, -16, -614, 1540, 3920, 0, 126, -285, -73, 976.95, 21.58
149267, 280, -86, -1060, 3150, -2310, -1470, 151, -291, -64, 976.94, 21.57
149307, 486, -24, -946, 5530, 3920, -1540, 136, -282, -87, 977.01, 21.56
149347, 373, -38, -809, 5250, 1680, 0, 117, -282, -88, 976.94, 21.55
149387, 338, 8, -981, 3430, -770, 1400, 111, -291, -75, 976.90, 21.54
149427, 440, -5, -977, 2450, -280, 2380, 123, -289, -73, 976.90, 21.52
149467, 279, -80, -951, -70, -3640, 4620, 139, -295, -69, 976.92, 21.52
149507, 515, -88, -792, -3080, -490, 5670, 145, -292, -69, 976.96, 21.51
149547, 421, -88, -906, -5390, 1190, 5180, 139, -291, -76, 976.98, 21.50
149587, 466, -113, -835, -6020, 70, 3710, 139, -291, -85, 977.02, 21.49
149627, 521, -116, -893, -5110, 1470, 980, 136, -289, -76, 976.95, 21.47
149667, 545, -106, -819, -4060, 5390, -1680, 127, -282, -88, 976.95, 21.47
149707, 390, -55, -801, -1680, 4200, -4620, 123, -288, -61, 976.93, 21.45
149747, 358, -79, -897, 210, 910, -4830, 135, -301, -70, 976.95, 21.44
149787, 366, -101, -958, 1750, -700, -5250, 135, -285, -67, 976.96, 21.43
149827, 456, -44, -986, 2450, 2240, -6650, 132, -295, -75, 976.91, 21.41
149867, 425, 7, -877, 2800, 3920, -5670, 130, -288, -73, 976.89, 21.42
149907, 428, 42, -856, 3850, 2520, -3780, 124, -292, -87, 976.91, 21.42
149947, 388, -22, -837, 3640, 840, -420, 115, -286, -91, 976.92, 21.42
149987, 358, -16, -867, 3360, -1330, 700, 106, -288, -79, 976.92, 21.41
150027, 397, -26, -847, 1260, -910, 1610, 112, -288, -78, 976.92, 21.40
150067, 484, 24, -883, -1540, 420, 3640, 124, -286, -69, 976.93, 21.39
150107, 522, 61, -856, -4480, 980, 6860, 129, -292, -66, 976.95, 21.38
150147, 492, 4, -808, -5600, 280, 10220, 132, -280, -81, 976.92, 21.36
150187, 410, -67, -923, -6160, -1750, 9590, 124, -286, -84, 976.93, 21.35
150227, 393, -78, -927, -5740, -2170, 6370, 121, -289, -85, 976.92, 21.31
150267, 425, -39, -903, -4830, -1190, 4480, 121, -289, -78, 976.95, 21.28
150307, 405, -73, -888, -3010, 700, 3430, 118, -294, -72, 976.94, 21.25
150347, 446, -58, -824, -1820, 2450, 1400, 130, -289, -72, 976.91, 21.23
150387, 446, -65, -794, -490, 1470, 560, 135, -297, -63, 976.92, 21.20
150427, 346, 17, -962, 420, -1330, -420, 141, -292, -73, 977.00, 21.18
150467, 418, -16, -1075, 1400, 1330, 770, 130, -288, -84, 976.98, 21.17
150507, 413, -66, -846, 2170, 5110, 1540, 130, -295, -85, 976.99, 21.15
150547, 441, -95, -857, 1260, 3990, 1470, 132, -294, -88, 977.00, 21.14
150587, 449, -45, -775, -700, 2940, 1540, 118, -282, -84, 976.98, 21.13
150627, 400, -58, -797, -2240, 0, 2730, 126, -291, -79, 976.97, 21.12
150667, 494, -56, -936, -3990, -1540, 2170, 127, -294, -73, 976.97, 21.11
150707, 568, -16, -862, -5180, 630, 1680, 133, -288, -69, 976.94, 21.11
150747, 461, -15, -899, -6370, 1260, 3150, 133, -285, -72, 976.95, 21.10
150787, 366, -101, -900, -7140, -700, 3850, 139, -283, -82, 977.00, 21.10
150827, 379, -91, -905, -6790, -1680, 1190, 123, -291, -81, 976.95, 21.10
150867, 313, -39, -1064, -6580, -2450, -350, 121, -286, -75, 976.96, 21.10
150907, 422, -95, -1227, -4970, 3710, -1890, 112, -288, -67, 976.97, 21.10
150947, 494, -65, -836, -2100, 13300, -4340, 115, -285, -69, 976.98, 21.08
150987, 511, 63, -527, 140, 3710, -630, 114, -286, -67, 976.93, 21.08
151027, 323, -10, -1026, 140, -1330, -1330, 129, -294, -72, 976.91, 21.07
151067, 456, 37, -642, -700, 2660, -3290, 127, -289, -78, 976.95, 21.06
151107, 436, -75, -1029, 0, 70, -1610, 130, -283, -78, 976.92, 21.06
151147, 541, 6, -725, -210, -910, -1260, 108, -280, -87, 977.01, 21.05
151187, 375, -62, -1103, -210, -10780, -630, 108, -271, -76, 976.99, 21.04
151227, 363, 92, -884, 560, -12810, -490, 120, -283, -76, 977.02, 21.04
151267, 330, 51, -1002, -280, -9800, 1400, 121, -285, -67, 976.99, 21.04
151307, 506, 9, -493, 2170, -70, 2030, 129, -291, -66, 976.99, 21.05
151347, 342, -2, -1079, 3360, -6790, 2100, 142, -288, -66, 977.01, 21.05
151387, 571, -76, -1027, 6160, -420, 2590, 136, -285, -88, 976.96, 21.04
151427, 505, -150, -801, 7980, 8400, 490, 127, -283, -88, 976.93, 21.04
151467, 432, -75, -1001, 6790, 6160, -630, 115, -285, -90, 976.98, 21.04
151507, 337, 2, -611, 3080, 7770, -840, 114, -297, -90, 976.92, 21.03
151547, 386, 59, -797, 1260, 700, 1330, 126, -292, -81, 976.96, 21.02
151587, 301, -12, -890, 210, -3290, 5670, 118, -298, -81, 976.94, 21.01
151627, 362, -86, -1009, -1540, 1120, 6860, 139, -303, -81, 976.97, 21.00
151667, 528, -100, -755, -3570, 2240, 5670, 139, -295, -84, 976.97, 21.00
151707, 453, -108, -991, -7210, -2310, 6720, 136, -295, -84, 976.99, 21.00
151747, 472, -31, -1012, -10010, -3360, 5320, 159, -291, -84, 976.99, 21.00
151787, 477, -171, -770, -10780, -3780, 6790, 147, -291, -87, 977.01, 20.98
151827, 223, -57, -971, -11690, -4760, -420, 138, -294, -79, 976.99, 20.98
151867, 494, -120, -737, -8750, 5250, 280, 135, -294, -70, 976.95, 20.97
151907, 383, -152, -836, -7630, 3220, -3500, 141, -298, -66, 976.96, 20.97
151947, 482, -63, -813, -5460, 1820, -6860, 147, -289, -63, 976.98, 20.96
151987, 428, 6, -996, -2030, -2730, -7910, 148, -283, -63, 977.01, 20.95
152027, 371, -26, -940, 1470, 630, -7420, 135, -283, -78, 976.96, 20.94
152067, 436, -64, -1023, 4900, 560, -8400, 133, -288, -79, 976.94, 20.92
152107, 436, -71, -728, 5670, 1400, -7140, 118, -286, -78, 976.92, 20.91
152147, 354, -58, -844, 5530, 770, -8610, 112, -292, -69, 976.92, 20.90
152187, 410, 42, -869, 4760, -420, -7070, 123, -289, -69, 976.92, 20.90
152227, 463, 7, -890, 3850, -910, -2380, 132, -283, -60, 976.96, 20.88
152267, 497, 42, -799, 3570, -1400, -840, 132, -285, -66, 976.96, 20.88
152307, 304, -52, -964, 2940, -1610, 980, 129, -286, -82, 976.96, 20.87
152347, 526, 19, -918, 1680, 840, 490, 129, -283, -82, 976.97, 20.87
152387, 402, -22, -855, 3290, 1470, 2310, 132, -288, -84, 976.97, 20.86
152427, 418, -63, -837, 2240, -980, 2380, 123, -280, -96, 976.90, 20.85
152467, 516, -88, -991, 4200, 420, 1190, 114, -283, -90, 976.91, 20.86
152507, 214, -28, -751, 4550, 70, 280, 123, -289, -84, 976.91, 20.85
152547, 612, -9, -1076, 4270, 3640, 910, 121, -283, -78, 976.95, 20.84
152587, 306, 37, -788, 3150, 6510, 2800, 138, -288, -78, 976.98, 20.84
152627, 445, -20, -784, 1400, 2940, 6090, 144, -288, -88, 976.97, 20.83
152667, 292, -59, -984, -1960, -4480, 4410, 135, -288, -82, 976.95, 20.82
152707, 472, 9, -1003, -2240, 3570, 6650, 139, -289, -82, 976.98, 20.81
152747, 385, -55, -780, -2940, 1750, 8330, 129, -298, -84, 976.94, 20.80
152787, 533, -20, -959, -4620, 1470, 6720, 136, -298, -73, 976.97, 20.81
152827, 398, -172, -690, -4690, 140, 7350, 135, -291, -75, 976.97, 20.80
152867, 364, -32, -1005, -6930, -3080, 3780, 150, -294, -69, 976.98, 20.80
152907, 440, -114, -948, -7000, 1400, 5320, 138, -298, -75, 976.96, 20.79
152947, 417, -95, -553, -6020, 6160, 2240, 144, -291, -69, 976.99, 20.79
152987, 261, -26, -1215, -6650, -2450, 490, 150, -291, -75, 976.97, 20.79
153027, 461, -73, -758, -3640, -1470, 280, 132, -282, -84, 976.92, 20.78
153067, 438, -23, -1086, -1960, -210, -1540, 123, -283, -75, 976.94, 20.75
153107, 420, -21, -823, -1890, 3500, -70, 132, -291, -66, 976.96, 20.75
153147, 466, -86, -830, -700, 2310, 140, 129, -295, -69, 976.97, 20.74
153187, 423, 30, -768, -2310, 1540, 0, 138, -294, -66, 976.91, 20.74
153227, 339, 6, -918, -2310, -4130, 1400, 145, -285, -58, 976.95, 20.73
153267, 594, -69, -930, -2030, 1680, 2730, 138, -291, -70, 976.96, 20.72
153307, 181, 30, -738, -2450, 2590, 1540, 139, -288, -76, 976.95, 20.72
153347, 753, -98, -906, -770, 2030, 1820, 127, -289, -75, 976.94, 20.72
153387, 119, 52, -898, 350, -5180, 1260, 123, -286, -66, 976.98, 20.71
153427, 553, -94, -1293, 560, -4970, 3710, 136, -286, -70, 976.90, 20.72
153467, 428, -23, -598, 2940, 3290, 630, 148, -294, -63, 976.92, 20.72
153507, 449, -66, -787, 2660, 3360, 1820, 139, -289, -67, 976.96, 20.72
153547, 425, 34, -563, 2310, 1610, 770, 138, -288, -67, 977.02, 20.71
153587, 271, -70, -1235, 3220, -4970, 2730, 145, -292, -66, 976.98, 20.71
153627, 495, 10, -906, 3430, 3150, 1050, 141, -286, -76, 977.02, 20.71
153667, 332, -22, -487, 1400, 490, 4760, 141, -292, -78, 977.04, 20.70
153707, 384, -67, -1077, -2170, -7420, 6020, 135, -297, -69, 976.99, 20.70
153747, 391, -34, -789, -2240, -9380, 6370, 151, -298, -60, 977.00, 20.71
153787, 435, -68, -897, -4690, -9380, 7560, 159, -307, -55, 976.93, 20.70
153827, 290, -95, -1190, -5600, -9870, 7140, 162, -297, -48, 976.92, 20.71
153867, 697, -8, -818, -5880, 4690, 4060, 168, -300, -63, 976.96, 20.69
153907, 512, -104, -658, -5950, 5460, 5880, 165, -306, -55, 976.94, 20.67
153947, 249, -95, -1048, -5740, -3990, 3290, 157, -291, -72, 976.97, 20.63
153987, 394, -63, -858, -4970, 2380, 840, 147, -301, -60, 976.94, 20.61
154027, 465, -19, -785, -3570, 7910, -280, 132, -295, -55, 976.92, 20.62
154067, 417, -18, -942, -3430, 5740, 70, 136, -295, -46, 976.95, 20.58
154107, 526, -32, -926, -2450, 8890, 700, 139, -297, -57, 976.98, 20.57
154147, 408, -15, -988, -1960, 4550, 1400, 145, -300, -69, 976.96, 20.57
154187, 311, -65, -1095, -2520, 210, 2380, 144, -291, -63, 976.99, 20.56
154227, 392, -101, -862, -3290, 4620, 3500, 153, -285, -64, 976.99, 20.56
154267, 414, -79, -754, -4970, 4970, 1120, 132, -286, -85, 976.96, 20.54
154307, 412, 55, -662, -6090, 3080, 0, 124, -282, -79, 976.93, 20.54
154347, 468, -3, -880, -6580, 210, 3500, 133, -294, -63, 976.90, 20.53
154387, 502, -12, -976, -4690, -210, 3780, 139, -288, -61, 976.87, 20.51
154427, 515, -88, -1000, -4690, -1120, 1820, 150, -286, -55, 976.88, 20.50
154467, 337, -93, -980, -3920, -1470, 280, 151, -277, -60, 976.88, 20.48
154507, 414, -72, -894, -2730, -980, -2870, 145, -291, -72, 976.93, 20.44
154547, 334, 0, -787, -630, -140, -3920, 144, -289, -69, 976.92, 20.43
154587, 514, -27, -774, 1330, 3080, -3360, 133, -285, -75, 976.88, 20.44
154627, 401, -66, -887, 3640, 2240, -3010, 136, -283, -64, 976.90, 20.45
154667, 430, -42, -965, 3570, 1540, -3640, 138, -285, -61, 976.91, 20.46
154707, 424, -45, -882, 4060, 2660, -2660, 153, -288, -66, 976.89, 20.47
154747, 352, -45, -975, 3990, 770, -2450, 153, -286, -72, 976.90, 20.48
154787, 465, -34, -858, 3780, 1820, -1750, 148, -289, -72, 976.90, 20.48
154827, 431, -17, -840, 3640, -70, -1330, 150, -285, -73, 976.95, 20.49
154867, 359, -19, -839, 3290, -1120, -420, 138, -282, -91, 976.91, 20.49
154907, 462, -15, -810, 2940, -910, 140, 132, -279, -79, 976.91, 20.50
154947, 432, -36, -817, 2310, -2240, 1890, 121, -288, -73, 976.92, 20.49
154987, 391, -39, -1057, 1260, -3920, 2170, 141, -285, -58, 976.93, 20.50
155027, 477, -27, -1006, 420, 70, 2450, 151, -297, -73, 976.93, 20.50
155067, 409, -44, -859, -490, 1190, 3850, 159, -289, -72, 976.92, 20.50
155107, 381, -68, -810, -1540, 1260, 4410, 150, -295, -76, 976.92, 20.50
155147, 411, -59, -847, -2940, 1190, 3220, 148, -291, -70, 976.93, 20.49
155187, 370, 5, -787, -4550, 1610, 3920, 133, -288, -73, 976.96, 20.49
155227, 409, -85, -963, -5600, 1050, 5600, 138, -289, -64, 976.96, 20.49
155267, 498, -9, -852, -5950, 3710, 4200, 141, -291, -67, 976.98, 20.48
155307, 420, -59, -916, -5460, 2730, 4060, 150, -288, -60, 976.97, 20.50
155347, 412, -83, -961, -4550, -630, 3920, 157, -280, -66, 977.00, 20.49
155387, 456, -60, -853, -3640, 0, 2520, 142, -286, -73, 977.00, 20.48
155427, 364, -63, -775, -2660, 490, 350, 153, -285, -64, 976.94, 20.47
155467, 319, -66, -943, -980, -1750, -1330, 151, -288, -69, 976.92, 20.46
155507, 556, -56, -844, -280, 1960, -2030, 139, -282, -81, 976.95, 20.45
155547, 446, -8, -859, 1470, 1120, -1330, 136, -285, -69, 976.93, 20.44
155587, 430, -65, -1030, 910, -770, 910, 142, -277, -63, 976.92, 20.43
155627, 424, -3, -911, -210, 1960, 1190, 151, -285, -61, 976.95, 20.42
155667, 337, 21, -899, -980, 1330, 1680, 160, -288, -58, 976.93, 20.43
155707, 300, -19, -935, -1610, 770, 3290, 139, -282, -75, 976.97, 20.42
155747, 392, -22, -778, -1050, 4340, 2730, 136, -277, -75, 977.01, 20.40
155787, 463, -48, -852, -1050, 3150, 2940, 138, -280, -79, 977.00, 20.39
155827, 451, -82, -831, -1470, 1470, 3570, 142, -283, -73, 976.99, 20.38
155867, 422, -122, -849, -2170, 560, 2310, 145, -291, -63, 976.94, 20.36
155907, 463, -61, -896, -2450, -2380, -210, 139, -288, -52, 976.94, 20.35
155947, 429, -34, -942, -2660, -2870, -280, 153, -289, -64, 976.95, 20.35
155987, 480, -46, -881, -1680, -770, 140, 160, -291, -81, 976.92, 20.35
156027, 337, -12, -864, -1260, -910, 0, 145, -285, -75, 976.91, 20.35
156067, 399, -63, -950, -1190, -1330, 350, 159, -280, -79, 976.92, 20.34
156107, 441, -47, -847, -1960, 770, 280, 145, -279, -73, 976.93, 20.33
156147, 438, -60, -951, -1820, 1680, 1330, 144, -291, -81, 976.91, 20.33
156187, 498, -61, -799, -2730, 4690, -210, 148, -282, -67, 976.91, 20.32
156227, 365, 88, -761, -3430, 2870, 770, 145, -286, -58, 976.91, 20.32
156267, 353, -32, -1170, -5600, -1610, 4340, 151, -288, -54, 976.91, 20.31
156307, 455, -95, -963, -6650, 3990, 4970, 154, -277, -72, 976.93, 20.31
156347, 535, -17, -887, -8120, 7910, 3430, 150, -285, -76, 976.99, 20.30
156387, 456, -55, -762, -8680, 7140, 3920, 147, -280, -72, 977.01, 20.29
156427, 389, -91, -775, -8050, 4480, 2590, 138, -282, -70, 977.01, 20.29
156467, 394, -60, -833, -6090, 350, 0, 148, -276, -60, 976.98, 20.29
156507, 396, -77, -1001, -4340, -700, -2800, 159, -277, -55, 977.00, 20.28
156547, 534, -56, -868, -560, 5250, -4690, 157, -277, -69, 976.94, 20.27
156587, 466, -57, -855, 910, 3570, -4830, 148, -277, -64, 976.89, 20.27
156627, 358, -31, -1082, 490, -1120, -4270, 147, -274, -70, 976.92, 20.28
156667, 326, -12, -1003, 1260, -770, -4550, 163, -274, -75, 976.91, 20.28
156707, 381, 2, -782, 2030, 2870, -4620, 141, -277, -81, 976.91, 20.27
156747, 368, 4, -791, 2730, 2590, -3570, 135, -267, -67, 976.91, 20.28
156787, 444, -29, -726, 3150, 2800, -2520, 121, -280, -70, 976.87, 20.26
156827, 407, -56, -854, 2870, 560, -1820, 144, -280, -61, 976.90, 20.26
156867, 370, -97, -914, 1050, -2870, -1330, 144, -280, -61, 976.97, 20.25
156907, 524, -89, -988, 840, -2800, -2380, 148, -280, -75, 976.96, 20.23
156947, 447, -94, -898, 1960, -2450, -3570, 139, -283, -81, 976.95, 20.21
156987, 393, -51, -934, 3080, -3150, -5460, 133, -271, -76, 976.96, 20.20
157027, 403, -20, -931, 4550, -2590, -6230, 132, -274, -81, 976.90, 20.19
157067, 415, -31, -827, 6370, -840, -6090, 133, -285, -67, 976.92, 20.18
157107, 489, -59, -785, 6720, 70, -5320, 127, -280, -66, 976.97, 20.17
157147, 389, -37, -801, 6090, 420, -4550, 132, -285, -67, 976.95, 20.17
157187, 433, -26, -908, 4340, 1330, -2380, 144, -279, -70, 976.93, 20.16
157227, 454, 13, -898, 3360, 1330, -1190, 135, -292, -73, 976.91, 20.15
157267, 363, 14, -939, 3220, 560, 980, 142, -286, -78, 976.85, 20.15
157307, 378, -57, -928, 2870, 630, 3220, 133, -288, -87, 976.94, 20.13
157347, 324, -117, -899, 1470, -700, 2870, 124, -285, -87, 976.95, 20.13
157387, 510, -89, -1036, -770, -840, 1190, 124, -289, -76, 976.94, 20.11
157427, 472, 74, -765, -1610, 2800, 1120, 127, -285, -70, 976.92, 20.09
157467, 387, 45, -740, -4130, 4060, 4410, 132, -294, -49, 976.95, 20.08
157507, 329, -6, -852, -5740, 140, 7560, 157, -285, -70, 976.93, 20.06
157547, 396, -62, -935, -6300, -2380, 8750, 154, -286, -72, 976.91, 20.06
157587, 520, -128, -890, -6650, -140, 7840, 135, -285, -82, 976.92, 20.05
157627, 499, -100, -831, -6650, 1190, 4060, 135, -286, -75, 976.96, 20.03
157667, 423, -74, -816, -6020, -70, 1260, 127, -280, -64, 976.89, 20.02
157707, 313, -49, -925, -4060, -4760, -910, 132, -280, -69, 976.91, 20.01
157747, 347, -4, -1078, -1890, -7700, -1890, 141, -279, -57, 976.94, 20.00
157787, 412, -13, -877, 1050, 1190, -1540, 142, -289, -48, 976.93, 20.00
157827, 366, 0, -861, 140, -210, -700, 142, -282, -69, 976.94, 20.01
157867, 413, 18, -825, -700, -1540, 420, 135, -288, -66, 976.98, 20.01
157907, 428, -21, -943, -910, -2870, 1890, 160, -283, -63, 976.95, 20.00
157947, 465, -12, -908, -840, -700, 3150, 150, -285, -70, 976.88, 20.01
157987, 470, -67, -841, -1260, 2030, 3080, 138, -279, -82, 976.95, 20.00
158027, 339, -63, -907, -1330, 0, 1610, 133, -280, -69, 976.96, 19.99
158067, 325, -82, -982, -1750, -3360, 1190, 139, -289, -70, 976.95, 19.99
158107, 435, -25, -888, -1680, -1960, -840, 139, -282, -60, 976.96, 20.00
158147, 430, -45, -886, -2310, -280, 560, 148, -283, -61, 976.90, 20.00
158187, 433, -22, -834, -2520, 1680, 490, 154, -276, -67, 976.94, 20.00
158227, 459, -45, -810, -2520, 3710, 630, 142, -282, -72, 976.99, 20.00
158267, 361, -27, -881, -3150, 1190, 560, 132, -285, -64, 977.02, 20.00
158307, 407, -35, -1023, -3220, 0, 1190, 136, -286, -76, 977.03, 19.99
158347, 498, -116, -926, -1680, 3500, 630, 142, -276, -60, 977.03, 19.98
158387, 397, -99, -881, -630, 3920, -1890, 144, -283, -66, 976.97, 19.98
158427, 354, -55, -748, 560, 2870, -3990, 144, -283, -63, 976.94, 19.99
158467, 295, -101, -917, 1820, -1610, -4410, 142, -289, -63, 976.94, 19.98
158507, 426, -50, -976, 2240, -2870, -5950, 147, -276, -69, 976.91, 19.98
158547, 485, 1, -894, 3080, 1050, -5250, 135, -285, -63, 976.93, 19.98
158587, 497, 16, -903, 3010, 4690, -3220, 139, -286, -85, 976.93, 19.98
158627, 392, 38, -754, 1960, 4200, -1190, 139, -282, -81, 976.96, 19.97
158667, 304, 1, -881, 770, -2310, 1400, 129, -273, -72, 976.99, 19.96
158707, 364, -79, -962, 910, -4830, 2450, 136, -280, -70, 976.98, 19.96
158747, 402, -41, -896, 420, -3010, 1190, 138, -289, -67, 976.93, 19.95
158787, 398, -63, -885, 140, 420, 1050, 150, -286, -63, 976.92, 19.95
158827, 465, -50, -976, -70, 1540, 490, 147, -288, -76, 976.96, 19.96
158867, 472, -92, -869, 420, 1190, 630, 142, -277, -82, 976.97, 19.96
158907, 431, -60, -853, 1400, -280, -910, 130, -285, -79, 976.95, 19.94
158947, 323, -40, -843, 1680, -1190, -1540, 141, -292, -79, 976.94, 19.94
158987, 394, -25, -900, 2450, 840, -2030, 121, -282, -79, 976.94, 19.94
159027, 447, -9, -913, 3150, 3780, -1330, 135, -286, -63, 976.98, 19.94
159067, 408, 4, -915, 2310, 4200, 700, 121, -274, -67, 977.00, 19.95
159107, 519, 10, -882, 2100, 4970, 2170, 136, -283, -69, 976.96, 19.96
159147, 387, -5, -923, 1680, 2170, 4060, 144, -286, -72, 976.94, 19.97
159187, 355, -45, -947, 1050, 140, 5110, 135, -297, -75, 976.91, 19.98
159227, 339, -83, -878, 1120, 1400, 4270, 139, -288, -82, 976.94, 19.99
159267, 407, -54, -860, 0, 2800, 3640, 139, -291, -84, 976.93, 20.00
159307, 488, 28, -828, -1050, 4410, 3570, 124, -297, -82, 976.97, 19.99
159347, 445, 57, -763, -2590, 3150, 5880, 132, -295, -85, 976.96, 19.98
159387, 397, -4, -942, -3920, -1470, 9590, 138, -294, -76, 976.93, 19.98
159427, 328, -49, -1052, -5110, -2800, 9730, 139, -294, -70, 976.97, 19.97
159467, 351, -24, -943, -6650, 140, 9730, 148, -289, -73, 976.98, 19.97
159507, 294, -54, -909, -9100, -490, 8960, 162, -279, -82, 976.95, 19.98
159547, 397, -111, -900, -9030, -420, 7140, 144, -280, -81, 977.03, 19.97
159587, 409, -78, -947, -9450, 210, 4480, 148, -286, -81, 977.01, 19.96
159627, 381, -61, -876, -9100, 1260, 3290, 138, -285, -81, 976.96, 19.96
159667, 332, -41, -845, -7560, 2380, 2030, 147, -283, -61, 976.97, 19.95
159707, 299, -71, -875, -6650, 280, 980, 153, -288, -70, 976.99, 19.95
159747, 259, -68, -948, -4270, -3010, -770, 148, -276, -64, 976.91, 19.94
159787, 288, -78, -944, -3360, -3570, -2240, 163, -283, -67, 977.01, 19.92
159827, 332, -49, -967, -2520, -2940, -2940, 160, -280, -64, 976.99, 19.91
159867, 356, -69, -946, -1470, -1400, -3850, 156, -274, -69, 976.96, 19.91
159907, 421, -92, -955, 280, -350, -3990, 156, -279, -63, 976.94, 19.90
159947, 338, -54, -939, 1260, -280, -5740, 165, -282, -70, 976.96, 19.89
159987, 330, 8, -936, 1890, -490, -6230, 148, -276, -76, 976.96, 19.89
160027, 311, -16, -955, 2520, 1330, -4830, 151, -282, -81, 977.00, 19.88
160067, 329, 26, -873, 3430, 2730, -4060, 138, -285, -70, 976.93, 19.88
160107, 356, -4, -826, 3640, 3430, -2030, 147, -285, -67, 976.91, 19.88
160147, 307, -14, -917, 3360, 1540, -1050, 148, -285, -64, 976.90, 19.88
160187, 380, -55, -953, 2800, 210, -490, 147, -280, -54, 976.90, 19.89
160227, 298, -60, -990, 2030, -1400, -420, 160, -286, -58, 976.97, 19.89
160267, 348, -38, -940, 1610, -840, -210, 144, -280, -66, 976.90, 19.90
160307, 335, -75, -896, 980, -770, 210, 144, -280, -81, 976.93, 19.90
160347, 335, -8, -853, 0, -1610, -140, 144, -282, -72, 976.94, 19.90
160387, 312, -16, -856, -1470, -1820, 1190, 144, -279, -72, 976.96, 19.89
160427, 312, -34, -914, -1470, -2450, 2100, 147, -271, -70, 976.95, 19.89
160467, 360, -67, -998, -840, -2450, 2450, 144, -288, -61, 976.92, 19.91
160507, 337, -30, -983, -840, -1680, 1400, 153, -292, -58, 976.94, 19.91
160547, 319, -73, -957, -1750, -280, 980, 144, -285, -55, 976.87, 19.91
160587, 354, -88, -931, -910, 1750, 350, 157, -291, -57, 976.91, 19.89
160627, 288, -49, -909, -1330, 2800, -840, 166, -288, -57, 976.94, 19.89
160667, 288, -19, -902, -1540, 2100, -910, 151, -289, -64, 976.95, 19.89
160707, 306, 43, -939, -1400, 560, 70, 156, -289, -63, 976.98, 19.89
160747, 314, 35, -941, -910, 490, 2380, 148, -279, -67, 976.97, 19.90
160787, 340, -90, -922, -210, 2100, 3710, 153, -292, -72, 976.98, 19.91
160827, 320, -119, -938, 210, 2170, 1680, 171, -286, -67, 976.94, 19.90
160867, 288, -111, -893, 980, 2450, -630, 156, -297, -79, 976.95, 19.90
160907, 413, -78, -886, 770, 3500, -2590, 145, -294, -82, 976.94, 19.90
160947, 363, 21, -985, 1050, 3430, -3010, 138, -282, -84, 976.96, 19.89
160987, 286, 55, -943, 700, 3360, -1120, 136, -288, -78, 976.98, 19.89
161027, 339, 28, -962, 630, 3080, 1820, 130, -285, -76, 977.00, 19.89
161067, 299, -9, -927, 140, 1890, 4060, 138, -285, -70, 976.91, 19.88
161107, 255, -59, -928, -1260, 420, 4690, 141, -291, -60, 976.93, 19.88
161147, 302, -25, -888, -1820, -280, 4410, 150, -289, -61, 976.91, 19.88
161187, 364, -60, -929, -2450, -420, 4900, 145, -292, -64, 976.94, 19.86
161227, 396, -101, -893, -1960, 910, 3710, 156, -291, -64, 976.97, 19.85
161267, 312, -99, -970, -2030, 1260, 2240, 162, -289, -64, 976.96, 19.84
161307, 332, -71, -917, -2030, 2030, 770, 166, -288, -70, 976.93, 19.82
161347, 358, -34, -973, -2170, 1960, 280, 147, -280, -76, 976.91, 19.82
161387, 196, 6, -964, -1890, 1190, 630, 136, -282, -76, 976.97, 19.82
161427, 297, 21, -934, -1050, 980, 1400, 144, -288, -75, 976.95, 19.80
161467, 174, 27, -927, -700, -350, 3010, 141, -292, -72, 976.95, 19.77
161507, 242, -56, -957, -280, -1820, 4340, 139, -288, -72, 977.00, 19.74
161547, 213, -65, -980, 840, -2730, 3640, 154, -297, -75, 977.02, 19.74
161587, 269, -52, -988, 840, -2660, 2730, 151, -295, -79, 976.99, 19.74
161627, 180, -42, -947, 840, -2590, 2590, 145, -292, -69, 976.94, 19.72
161667, 248, -40, -1028, 1750, -2660, 2310, 151, -295, -70, 976.95, 19.71
161707, 199, -30, -1040, 2870, -1610, 2590, 154, -292, -69, 976.98, 19.69
161747, 211, -131, -1019, 2870, -1050, 3710, 154, -294, -72, 976.98, 19.68
161787, 158, -185, -994, 280, 350, 2240, 151, -301, -63, 976.93, 19.65
161827, 135, -22, -990, -210, 280, -630, 162, -292, -64, 976.95, 19.63
161867, 226, 27, -932, 1470, 560, 1400, 156, -288, -66, 976.98, 19.60
161907, 269, -40, -864, 1470, 980, 2870, 163, -304, -60, 976.98, 19.58
161947, 36, -11, -1048, 3080, -140, 350, 160, -292, -72, 977.01, 19.58
161987, 317, 37, -1008, 4200, 0, 1820, 162, -300, -67, 977.01, 19.58
162027, 235, -66, -972, 4270, 1050, 5810, 154, -310, -70, 977.01, 19.61
162067, 188, -99, -1011, 4970, 980, 5110, 157, -307, -70, 976.99, 19.64
162107, 109, -179, -1035, 3430, 1120, 5810, 156, -300, -69, 976.98, 19.66
162147, 272, -163, -1164, 2100, 2240, 3570, 159, -307, -69, 976.91, 19.66
162187, 380, -170, -1015, 2590, 7000, 2100, 156, -304, -72, 976.92, 19.68
162227, 349, -86, -886, 2030, 9310, 770, 150, -303, -75, 976.99, 19.69
162267, 437, -119, -870, 1890, 9520, 1610, 136, -300, -81, 976.93, 19.71
162307, 386, -130, -752, 840, 9310, 1610, 138, -307, -84, 976.88, 19.72
162347, 423, -111, -813, 1190, 6720, 840, 129, -309, -85, 976.91, 19.73
162387, 451, -83, -776, 210, 4900, 770, 130, -298, -82, 976.97, 19.74
162427, 395, -91, -784, 0, 2240, 1400, 135, -316, -82, 976.88, 19.75
162467, 510, -93, -923, -70, 350, 1400, 132, -310, -85, 976.91, 19.76
162507, 554, -105, -801, -140, 1190, 1960, 136, -304, -87, 976.88, 19.77
162547, 555, -124, -841, 0, 980, 2170, 133, -307, -85, 976.94, 19.79
162587, 508, -121, -831, 700, 910, 1610, 135, -306, -79, 976.95, 19.81
162627, 440, -81, -855, 910, 630, 1540, 133, -307, -84, 976.95, 19.81
162667, 429, -109, -896, 1400, 70, 1820, 133, -295, -85, 976.91, 19.84
162707, 422, -133, -866, 1890, 210, 1400, 133, -312, -82, 976.89, 19.85
162747, 440, -128, -881, 1400, 70, 1330, 130, -309, -81, 976.92, 19.86
162787, 438, -127, -866, 490, 140, 1540, 141, -312, -85, 976.89, 19.86
162827, 428, -133, -876, -420, 210, 1960, 142, -307, -82, 976.92, 19.87
162867, 415, -135, -872, -1400, 490, 2030, 133, -307, -85, 976.97, 19.89
162907, 413, -158, -878, -2100, 490, 1260, 141, -304, -85, 976.96, 19.90
162947, 437, -143, -870, -2030, 420, 420, 135, -312, -85, 976.94, 19.90
162987, 452, -117, -868, -1820, 420, -280, 132, -312, -84, 976.93, 19.92
163027, 439, -99, -869, -1470, 350, -490, 136, -315, -84, 976.96, 19.92
163067, 430, -100, -875, -1190, 350, -140, 136, -307, -81, 976.98, 19.92
163107, 433, -94, -872, -1120, 350, 140, 136, -307, -87, 976.97, 19.93
163147, 435, -99, -866, -1330, 350, 770, 130, -309, -85, 976.97, 19.94
163187, 434, -114, -867, -1470, 490, 1260, 132, -300, -78, 977.00, 19.95
163227, 428, -126, -869, -1540, 420, 1120, 130, -315, -79, 976.98, 19.96
163267, 426, -121, -874, -1680, 490, 840, 136, -310, -84, 976.98, 19.95
163307, 424, -116, -875, -1540, 490, 630, 141, -310, -81, 976.97, 19.96
163347, 425, -122, -873, -1680, 560, 560, 138, -301, -79, 976.96, 19.97
163387, 427, -129, -871, -1960, 560, 420, 135, -304, -85, 977.00, 19.98
163427, 426, -115, -870, -1820, 560, 280, 126, -310, -84, 976.99, 19.99
163467, 430, -104, -870, -1470, 630, 280, 133, -304, -87, 976.92, 20.01
163507, 434, -112, -866, -1960, 630, 280, 132, -313, -85, 976.96, 20.01
163547, 433, -116, -863, -1960, 630, 140, 132, -313, -81, 977.00, 20.02
163587, 433, -117, -867, -1750, 560, 0, 124, -301, -81, 977.02, 20.00
163627, 434, -113, -870, -2030, 630, 420, 124, -309, -76, 976.97, 19.99
163667, 437, -115, -869, -2170, 630, 210, 130, -309, -76, 976.94, 19.98
