Log start on, 2023-11-02 16:35:23
Feature, Gyroscope
NodeName, HostTimestamp (ms), notificationTime, timeStamp, RawData, X (dps), Y (dps), Z (dps)
AM1V430 @A856F0, 9123, Thu Nov 02 16:35:32 GMT+01:00 2023, 11111, [103 43 -120 0 0 1 93 -4 -17 -1 9 0 10 0 -43 0 55 0 127 0], -1.7, 0.9, 1.0
AM1V430 @A856F0, 9169, Thu Nov 02 16:35:32 GMT+01:00 2023, 11117, [109 43 -119 0 3 1 89 -4 -11 -1 7 0 5 0 -39 0 61 0 -115 0], -1.1, 0.7, 0.5
AM1V430 @A856F0, 9170, Thu Nov 02 16:35:32 GMT+01:00 2023, 11123, [115 43 -126 0 -4 0 88 -4 -11 -1 12 0 9 0 -42 0 64 0 -126 0], -1.1, 1.2, 0.9
AM1V430 @A856F0, 9202, Thu Nov 02 16:35:32 GMT+01:00 2023, 11130, [122 43 -120 0 -2 0 92 -4 -11 -1 11 0 8 0 -51 0 54 0 126 0], -1.1, 1.1, 0.8
AM1V430 @A856F0, 9260, Thu Nov 02 16:35:32 GMT+01:00 2023, 11136, [-128 43 -120 0 -1 0 92 -4 -10 -1 1 0 4 0 -42 0 63 0 124 0], -1.0, 0.1, 0.4
AM1V430 @A856F0, 9313, Thu Nov 02 16:35:32 GMT+01:00 2023, 11142, [-122 43 -122 0 -3 0 88 -4 -7 -1 7 0 4 0 -34 0 58 0 124 0], -0.7, 0.7, 0.4
AM1V430 @A856F0, 9364, Thu Nov 02 16:35:32 GMT+01:00 2023, 11148, [-116 43 -121 0 -1 0 89 -4 -11 -1 13 0 9 0 -43 0 61 0 127 0], -1.1, 1.3, 0.9
AM1V430 @A856F0, 9422, Thu Nov 02 16:35:32 GMT+01:00 2023, 11155, [-109 43 -122 0 -3 0 91 -4 -11 -1 9 0 6 0 -48 0 67 0 121 0], -1.1, 0.9, 0.6
AM1V430 @A856F0, 9466, Thu Nov 02 16:35:32 GMT+01:00 2023, 11161, [-103 43 -121 0 -1 0 93 -4 -16 -1 7 0 9 0 -42 0 60 0 -127 0], -1.6, 0.7, 0.9
AM1V430 @A856F0, 9501, Thu Nov 02 16:35:32 GMT+01:00 2023, 11167, [-97 43 -120 0 1 1 90 -4 -11 -1 8 0 7 0 -39 0 58 0 124 0], -1.1, 0.8, 0.7
AM1V430 @A856F0, 9557, Thu Nov 02 16:35:32 GMT+01:00 2023, 11173, [-91 43 -127 0 -6 0 91 -4 -10 -1 10 0 4 0 -43 0 63 0 123 0], -1.0, 1.0, 0.4
AM1V430 @A856F0, 9609, Thu Nov 02 16:35:32 GMT+01:00 2023, 11180, [-84 43 -121 0 -2 0 89 -4 -14 -1 14 0 11 0 -42 0 55 0 126 0], -1.4, 1.4, 1.1
AM1V430 @A856F0, 9663, Thu Nov 02 16:35:32 GMT+01:00 2023, 11186, [-78 43 125 0 -8 0 107 -4 -23 -1 65 0 15 0 -45 0 61 0 120 0], -2.3, 6.5, 1.5
AM1V430 @A856F0, 9717, Thu Nov 02 16:35:32 GMT+01:00 2023, 11192, [-72 43 -107 0 2 1 -128 -4 -64 -1 -55 0 70 0 -54 0 57 0 120 0], -6.4, 20.1, 7.0
AM1V430 @A856F0, 9769, Thu Nov 02 16:35:33 GMT+01:00 2023, 11198, [-66 43 -120 0 -41 0 124 -4 -124 0 -97 1 49 1 -75 0 64 0 124 0], 13.2, 41.5, 30.5
AM1V430 @A856F0, 9823, Thu Nov 02 16:35:33 GMT+01:00 2023, 11205, [-59 43 18 1 8 1 -112 -4 21 0 108 1 -13 1 -90 0 54 0 121 0], 2.1, 36.4, 49.9
AM1V430 @A856F0, 9856, Thu Nov 02 16:35:33 GMT+01:00 2023, 11211, [-53 43 3 1 -78 0 126 -4 -86 -1 -34 1 100 1 -108 0 48 0 123 0], -8.6, 47.8, 35.6
AM1V430 @A856F0, 9909, Thu Nov 02 16:35:33 GMT+01:00 2023, 11217, [-47 43 24 1 -114 0 79 -4 46 -1 120 1 -38 2 127 0 48 0 115 0], -21.0, 37.6, 73.0
AM1V430 @A856F0, 9958, Thu Nov 02 16:35:33 GMT+01:00 2023, 11223, [-41 43 56 1 -69 0 -97 -4 92 -2 108 1 123 2 115 0 55 0 120 0], -42.0, 36.4, 63.5
AM1V430 @A856F0, 10014, Thu Nov 02 16:35:33 GMT+01:00 2023, 11230, [-34 43 -58 1 -35 0 -67 -4 -50 -3 -61 1 -70 2 100 0 70 0 -123 0], -56.2, 45.1, 69.8
AM1V430 @A856F0, 10064, Thu Nov 02 16:35:33 GMT+01:00 2023, 11236, [-28 43 -39 1 -69 0 -105 -4 -8 -2 46 1 -23 1 87 0 93 0 120 0], -26.4, 30.2, 48.9
AM1V430 @A856F0, 10115, Thu Nov 02 16:35:33 GMT+01:00 2023, 11242, [-22 43 -68 1 -108 0 -76 -4 -46 -1 -84 0 97 2 81 0 75 0 106 0], -4.6, 17.2, 60.9
AM1V430 @A856F0, 10170, Thu Nov 02 16:35:33 GMT+01:00 2023, 11248, [-16 43 -102 1 103 0 3 -3 -96 -1 -70 0 62 3 70 0 79 0 109 0], -9.6, 18.6, 83.0
AM1V430 @A856F0, 10203, Thu Nov 02 16:35:33 GMT+01:00 2023, 11255, [-9 43 63 2 -93 0 -46 -4 100 -1 67 0 122 4 72 0 64 0 111 0], -15.6, 6.7, 114.6
AM1V430 @A856F0, 10258, Thu Nov 02 16:35:33 GMT+01:00 2023, 11261, [-3 43 -4 1 112 0 -7 -4 -107 -1 73 -1 -61 4 84 0 64 0 114 0], -10.7, -18.3, 121.9
AM1V430 @A856F0, 10311, Thu Nov 02 16:35:33 GMT+01:00 2023, 11267, [3 44 37 2 65 0 -46 -4 -10 -2 -48 -2 2 4 100 0 52 0 114 0], -26.6, -30.4, 102.6
AM1V430 @A856F0, 10363, Thu Nov 02 16:35:33 GMT+01:00 2023, 11273, [9 44 1 2 18 0 -89 -4 50 -1 127 -1 -19 2 118 0 45 0 123 0], -20.6, -12.9, 74.9
AM1V430 @A856F0, 10414, Thu Nov 02 16:35:33 GMT+01:00 2023, 11280, [16 44 13 2 13 0 -49 -4 55 -1 71 -1 98 3 -126 0 52 0 121 0], -20.1, -18.5, 86.6
AM1V430 @A856F0, 10467, Thu Nov 02 16:35:33 GMT+01:00 2023, 11286, [22 44 23 2 0 0 -85 -4 -67 -1 99 -1 69 3 -106 0 45 0 -127 0], -6.7, -15.7, 83.7
AM1V430 @A856F0, 10523, Thu Nov 02 16:35:33 GMT+01:00 2023, 11292, [28 44 -11 1 7 0 -78 -4 -121 -1 -93 -2 9 3 -87 0 52 0 -126 0], -12.1, -34.9, 77.7
AM1V430 @A856F0, 10554, Thu Nov 02 16:35:33 GMT+01:00 2023, 11298, [34 44 -27 1 -39 -1 -39 -4 32 -1 -67 -2 104 2 -69 0 61 0 -123 0], -22.4, -32.3, 61.6
AM1V430 @A856F0, 10608, Thu Nov 02 16:35:33 GMT+01:00 2023, 11305, [41 44 -55 1 -56 -1 14 -4 34 -1 -16 -1 -127 1 -51 0 60 0 -127 0], -22.2, -1.6, 38.5
AM1V430 @A856F0, 10659, Thu Nov 02 16:35:33 GMT+01:00 2023, 11311, [47 44 -4 1 14 0 84 -4 -111 -3 75 -1 -98 0 -49 0 85 0 -120 0], -62.3, -18.1, 15.8
AM1V430 @A856F0, 10712, Thu Nov 02 16:35:33 GMT+01:00 2023, 11317, [53 44 -52 1 16 0 -69 -4 8 -2 112 0 -70 -1 -52 0 120 0 -123 0], -50.4, 11.2, -7.0
AM1V430 @A856F0, 10763, Thu Nov 02 16:35:34 GMT+01:00 2023, 11323, [59 44 -72 1 115 0 -100 -4 -36 -3 41 1 55 -1 -61 0 -126 0 -111 0], -54.8, 29.7, -20.1
AM1V430 @A856F0, 10818, Thu Nov 02 16:35:34 GMT+01:00 2023, 11330, [66 44 2 2 91 0 60 -4 -113 -2 -75 -2 84 -1 -61 0 -103 0 -108 0], -36.9, -33.1, -17.2
AM1V430 @A856F0, 10870, Thu Nov 02 16:35:34 GMT+01:00 2023, 11336, [72 44 -93 1 91 0 -29 -4 -78 -2 15 1 26 -3 -60 0 -87 0 -103 0], -33.4, 27.1, -74.2
AM1V430 @A856F0, 10906, Thu Nov 02 16:35:34 GMT+01:00 2023, 11342, [78 44 -29 1 -66 0 -85 -4 -102 -1 -103 0 -113 -3 -66 0 -85 0 -100 0], -10.2, 15.3, -62.5
AM1V430 @A856F0, 10956, Thu Nov 02 16:35:34 GMT+01:00 2023, 11348, [84 44 -4 1 10 1 125 -4 -51 -3 126 0 -83 -3 -67 0 -63 0 -111 0], -56.3, 12.6, -59.5
AM1V430 @A856F0, 11009, Thu Nov 02 16:35:34 GMT+01:00 2023, 11355, [91 44 -97 1 12 1 100 -4 87 -4 32 0 66 -2 -64 0 -34 0 -114 0], -93.7, 3.2, -44.6
AM1V430 @A856F0, 11063, Thu Nov 02 16:35:34 GMT+01:00 2023, 11361, [97 44 -57 1 101 1 -4 -5 -84 -9 -36 -3 59 -3 -63 0 47 1 -121 0], -213.2, -54.8, -70.9
AM1V430 @A856F0, 11114, Thu Nov 02 16:35:34 GMT+01:00 2023, 11367, [103 44 93 1 27 2 113 -3 11 -12 127 -7 92 -3 6 1 -88 1 79 0], -306.1, -166.5, -67.6
AM1V430 @A856F0, 11168, Thu Nov 02 16:35:34 GMT+01:00 2023, 11373, [109 44 -123 0 17 3 41 -2 -119 -12 -86 -4 59 -1 77 1 14 2 -16 -1], -293.5, -85.4, -19.7
AM1V430 @A856F0, 11219, Thu Nov 02 16:35:34 GMT+01:00 2023, 11380, [116 44 -15 -1 -67 3 -92 -2 -107 -12 -39 -5 33 1 116 1 82 2 124 -1], -292.3, -106.3, 28.9
AM1V430 @A856F0, 11256, Thu Nov 02 16:35:34 GMT+01:00 2023, 11386, [122 44 106 0 -77 3 -49 -1 7 -11 -58 -5 51 4 105 1 -101 2 -38 -2], -280.9, -108.2, 107.5
AM1V430 @A856F0, 11309, Thu Nov 02 16:35:34 GMT+01:00 2023, 11392, [-128 44 0 1 -75 3 32 1 115 -10 -115 -3 -89 6 23 1 -78 2 98 -2], -244.5, -62.7, 170.3
AM1V430 @A856F0, 11361, Thu Nov 02 16:35:34 GMT+01:00 2023, 11398, [-122 44 85 1 -52 2 85 1 18 -6 125 3 58 5 -36 0 -92 2 20 -2], -151.8, 89.3, 133.8
AM1V430 @A856F0, 11411, Thu Nov 02 16:35:34 GMT+01:00 2023, 11405, [-115 44 -65 1 -97 2 107 1 49 -6 10 5 35 4 -79 0 -108 2 -47 -3], -148.7, 129.0, 105.9
AM1V430 @A856F0, 11465, Thu Nov 02 16:35:34 GMT+01:00 2023, 11411, [-109 44 -95 1 -109 2 -119 2 107 -5 51 7 70 4 -93 0 118 2 -118 -3], -117.3, 184.3, 109.4
AM1V430 @A856F0, 11519, Thu Nov 02 16:35:34 GMT+01:00 2023, 11417, [-103 44 -47 1 96 2 -51 2 49 -5 47 4 106 3 -84 0 89 2 92 -3], -123.1, 107.1, 87.4
AM1V430 @A856F0, 11574, Thu Nov 02 16:35:34 GMT+01:00 2023, 11423, [-97 44 -74 1 -8 1 35 3 88 -3 -39 2 -28 1 -81 0 61 2 56 -3], -68.0, 72.9, 48.4
AM1V430 @A856F0, 11605, Thu Nov 02 16:35:34 GMT+01:00 2023, 11430, [-90 44 -26 1 105 1 -106 3 26 -3 73 1 -58 0 -87 0 43 2 21 -3], -74.2, 32.9, 19.8
AM1V430 @A856F0, 11656, Thu Nov 02 16:35:34 GMT+01:00 2023, 11436, [-84 44 70 1 127 1 2 3 117 -3 65 2 112 1 -76 0 17 2 -7 -4], -65.1, 57.7, 36.8
AM1V430 @A856F0, 11711, Thu Nov 02 16:35:34 GMT+01:00 2023, 11442, [-78 44 62 1 -16 1 -68 3 -33 -6 -39 0 113 2 -79 0 -25 1 -40 -4], -131.3, 21.7, 62.5
AM1V430 @A856F0, 11762, Thu Nov 02 16:35:35 GMT+01:00 2023, 11448, [-72 44 -52 0 -39 0 -44 3 59 -4 56 2 -46 1 -73 0 -64 1 -81 -4], -96.5, 56.8, 46.6
AM1V430 @A856F0, 11817, Thu Nov 02 16:35:35 GMT+01:00 2023, 11455, [-65 44 95 1 -72 0 6 4 39 -5 -18 -1 -12 1 -82 0 -115 1 -108 -4], -124.1, -1.8, 50.0
AM1V430 @A856F0, 11877, Thu Nov 02 16:35:35 GMT+01:00 2023, 11461, [-59 44 81 1 1 0 -28 3 -92 -3 -111 1 -86 0 -73 0 107 1 -117 -4], -60.4, 40.1, 17.0
AM1V430 @A856F0, 11919, Thu Nov 02 16:35:35 GMT+01:00 2023, 11467, [-53 44 85 1 38 0 38 4 54 -1 0 1 -66 -2 -55 0 95 1 126 -4], -20.2, 25.6, -32.2
AM1V430 @A856F0, 11953, Thu Nov 02 16:35:35 GMT+01:00 2023, 11473, [-47 44 124 1 23 0 83 4 -9 -1 -57 -1 -37 -3 -43 0 84 1 120 -4], -0.9, -5.7, -54.9
AM1V430 @A856F0, 12007, Thu Nov 02 16:35:35 GMT+01:00 2023, 11480, [-40 44 103 1 17 0 115 3 -73 0 73 -2 -127 -3 -30 0 89 1 120 -4], 18.3, -43.9, -63.9
AM1V430 @A856F0, 12059, Thu Nov 02 16:35:35 GMT+01:00 2023, 11486, [-34 44 -30 2 -35 -1 93 3 -124 -2 24 -14 -82 -6 -115 0 90 1 -127 -4], -38.0, -356.0, -136.2
AM1V430 @A856F0, 12113, Thu Nov 02 16:35:35 GMT+01:00 2023, 11492, [-28 44 56 3 -47 -1 -46 2 -98 -4 -30 -16 49 -9 -16 -1 90 1 -78 -4], -86.6, -387.0, -225.5
AM1V430 @A856F0, 12164, Thu Nov 02 16:35:35 GMT+01:00 2023, 11498, [-22 44 63 3 -51 -1 -19 1 120 -5 71 -5 -11 -6 -82 -1 78 1 -58 -4], -116.0, -120.9, -129.1
AM1V430 @A856F0, 12225, Thu Nov 02 16:35:35 GMT+01:00 2023, 11505, [-15 44 126 2 14 0 74 1 113 -7 -41 -2 64 -7 -84 -1 51 1 -61 -4], -167.9, -29.7, -172.8
AM1V430 @A856F0, 12270, Thu Nov 02 16:35:35 GMT+01:00 2023, 11511, [-9 44 -114 2 66 0 65 2 40 -7 -98 -1 62 -2 -79 -1 -1 0 -91 -4], -175.2, -9.8, -45.0
AM1V430 @A856F0, 12305, Thu Nov 02 16:35:35 GMT+01:00 2023, 11517, [-3 44 -91 2 -118 0 -52 2 106 -6 -106 2 68 -2 -63 -1 -51 0 -112 -4], -143.0, 66.2, -44.4
AM1V430 @A856F0, 12358, Thu Nov 02 16:35:35 GMT+01:00 2023, 11523, [3 45 124 2 78 0 109 2 31 -5 -86 3 -40 -3 -10 -1 -102 0 120 -4], -124.9, 93.8, -55.2
AM1V430 @A856F0, 12409, Thu Nov 02 16:35:35 GMT+01:00 2023, 11530, [10 45 69 2 4 0 -116 2 -15 -5 -76 6 -25 -2 54 0 111 0 99 -4], -103.9, 171.6, -28.1
AM1V430 @A856F0, 12461, Thu Nov 02 16:35:35 GMT+01:00 2023, 11536, [16 45 89 1 -77 -1 64 4 -28 -5 -10 3 101 0 103 0 46 0 99 -4], -105.2, 101.4, 10.1
AM1V430 @A856F0, 12514, Thu Nov 02 16:35:35 GMT+01:00 2023, 11542, [22 45 -44 1 -114 -1 31 3 -15 -5 -115 5 -82 -2 -88 0 10 0 88 -4], -103.9, 142.1, -33.8
AM1V430 @A856F0, 12567, Thu Nov 02 16:35:35 GMT+01:00 2023, 11548, [28 45 -7 0 27 -1 7 5 48 -5 -28 -1 98 -2 -73 0 -66 -1 114 -4], -123.2, -2.8, -41.4
AM1V430 @A856F0, 12620, Thu Nov 02 16:35:35 GMT+01:00 2023, 11555, [35 45 8 2 -46 -2 83 3 -42 -5 -102 1 -57 -6 -72 0 -106 -1 121 -4], -106.6, 41.0, -133.7
AM1V430 @A856F0, 12659, Thu Nov 02 16:35:35 GMT+01:00 2023, 11561, [41 45 -127 1 -88 -2 115 4 -45 -4 -103 -5 100 -6 121 0 118 -1 -96 -4], -81.3, -112.7, -143.6
AM1V430 @A856F0, 12707, Thu Nov 02 16:35:35 GMT+01:00 2023, 11567, [47 45 0 2 -1 -2 99 3 39 -1 -15 -2 -84 -5 64 0 111 -1 -75 -4], -21.7, -27.1, -110.8
AM1V430 @A856F0, 12759, Thu Nov 02 16:35:36 GMT+01:00 2023, 11573, [53 45 10 2 60 -1 114 3 25 -2 4 -1 89 -3 37 0 115 -1 -69 -4], -48.7, -25.2, -67.9
AM1V430 @A856F0, 12811, Thu Nov 02 16:35:36 GMT+01:00 2023, 11580, [60 45 38 2 5 -1 -124 3 123 -2 43 2 -80 -4 12 0 108 -1 -46 -4], -38.9, 55.5, -84.8
AM1V430 @A856F0, 12863, Thu Nov 02 16:35:36 GMT+01:00 2023, 11586, [66 45 -43 1 45 -1 104 3 11 0 117 8 -34 -3 48 0 111 -1 -69 -4], 1.1, 216.5, -54.6
AM1V430 @A856F0, 12916, Thu Nov 02 16:35:36 GMT+01:00 2023, 11592, [72 45 32 1 -102 -1 36 4 -74 -1 -88 7 90 -3 111 0 114 -1 -91 -4], -7.4, 196.0, -67.8
AM1V430 @A856F0, 12969, Thu Nov 02 16:35:36 GMT+01:00 2023, 11598, [78 45 -26 0 -101 -1 -55 3 -78 0 51 9 -92 -4 -76 0 127 -1 -111 -4], 17.8, 235.5, -86.0
AM1V430 @A856F0, 13008, Thu Nov 02 16:35:36 GMT+01:00 2023, 11605, [85 45 -5 -1 -73 -1 87 3 -69 0 -108 5 -111 -3 2 1 -127 -1 -114 -4], 18.7, 142.8, -62.3
AM1V430 @A856F0, 13054, Thu Nov 02 16:35:36 GMT+01:00 2023, 11611, [91 45 18 0 -87 -1 -8 3 39 -1 -3 -1 -70 -2 5 1 126 -1 -106 -4], -21.7, -0.3, -32.6
AM1V430 @A856F0, 13112, Thu Nov 02 16:35:36 GMT+01:00 2023, 11617, [97 45 -87 -1 -84 -1 72 4 54 0 26 1 -19 -2 11 1 124 -1 -106 -4], 5.4, 28.2, -27.5
AM1V430 @A856F0, 13163, Thu Nov 02 16:35:36 GMT+01:00 2023, 11623, [103 45 22 0 -26 -1 -94 3 -42 -1 -108 0 54 -2 2 1 120 -1 -102 -4], -4.2, 14.8, -45.8
AM1V430 @A856F0, 13212, Thu Nov 02 16:35:36 GMT+01:00 2023, 11630, [110 45 -63 -1 -78 -1 86 4 76 0 127 0 -105 -2 -12 0 120 -1 -108 -4], 7.6, 12.7, -36.1
AM1V430 @A856F0, 13268, Thu Nov 02 16:35:36 GMT+01:00 2023, 11636, [116 45 -5 -1 -60 -1 -47 3 51 0 102 -1 15 -2 -6 0 123 -1 -97 -4], 5.1, -15.4, -49.7
AM1V430 @A856F0, 13320, Thu Nov 02 16:35:36 GMT+01:00 2023, 11642, [122 45 88 0 -111 -1 -30 3 -120 1 -67 2 98 -3 -13 0 -117 -1 -108 -4], 39.2, 70.1, -67.0
AM1V430 @A856F0, 13359, Thu Nov 02 16:35:36 GMT+01:00 2023, 11648, [-128 45 74 0 21 0 -106 3 -27 1 -51 3 -110 -5 0 1 -106 -1 -118 -4], 48.5, 97.3, -113.4
AM1V430 @A856F0, 13407, Thu Nov 02 16:35:36 GMT+01:00 2023, 11655, [-121 45 109 0 8 -1 70 3 12 1 -37 -4 -107 -11 -39 0 -85 -1 -124 -4], 26.8, -80.5, -266.7
AM1V430 @A856F0, 13463, Thu Nov 02 16:35:36 GMT+01:00 2023, 11661, [-115 45 -99 -2 -121 -1 -112 4 -18 -1 47 -3 -55 -9 117 0 -78 -1 -106 -4], -1.8, -72.1, -210.3
AM1V430 @A856F0, 13516, Thu Nov 02 16:35:36 GMT+01:00 2023, 11667, [-109 45 -128 0 -84 -1 -19 3 97 0 -21 -2 -83 -5 75 0 -70 -1 -109 -4], 9.7, -27.7, -110.7
AM1V430 @A856F0, 13565, Thu Nov 02 16:35:36 GMT+01:00 2023, 11673, [-103 45 -126 0 75 -1 53 4 9 -1 -126 -4 41 -9 19 0 -45 -1 -99 -4], -24.7, -89.4, -226.3
AM1V430 @A856F0, 13617, Thu Nov 02 16:35:36 GMT+01:00 2023, 11680, [-96 45 32 0 -80 -1 122 4 -81 0 107 -1 106 -6 -21 -1 -16 -1 -84 -4], 17.5, -14.9, -143.0
AM1V430 @A856F0, 13671, Thu Nov 02 16:35:36 GMT+01:00 2023, 11686, [-90 45 49 1 -94 -1 -23 3 -45 0 -66 0 -119 -8 -43 -1 25 0 -87 -4], 21.1, 19.0, -191.1
AM1V430 @A856F0, 13712, Thu Nov 02 16:35:36 GMT+01:00 2023, 11692, [-84 45 55 -1 -37 -1 18 4 -89 -1 0 1 -53 -8 -43 -1 60 0 -93 -4], -8.9, 25.6, -184.5
AM1V430 @A856F0, 13757, Thu Nov 02 16:35:37 GMT+01:00 2023, 11698, [-78 45 99 0 -67 -1 6 4 56 -1 -61 1 22 -6 -39 -1 84 0 -84 -4], -20.0, 45.1, -151.4
AM1V430 @A856F0, 13811, Thu Nov 02 16:35:37 GMT+01:00 2023, 11705, [-71 45 -40 -2 -13 -1 62 4 10 -1 115 2 -7 -6 -9 -1 106 0 -106 -4], -24.6, 62.7, -128.7
AM1V430 @A856F0, 13865, Thu Nov 02 16:35:37 GMT+01:00 2023, 11711, [-65 45 -83 0 -53 -1 58 4 116 -1 24 5 126 -4 30 0 114 0 -120 -4], -14.0, 130.4, -89.8
AM1V430 @A856F0, 13912, Thu Nov 02 16:35:37 GMT+01:00 2023, 11717, [-59 45 -115 -3 -27 -1 76 4 -114 0 56 7 0 -4 112 0 126 0 109 -4], 14.2, 184.8, -102.4
AM1V430 @A856F0, 13966, Thu Nov 02 16:35:37 GMT+01:00 2023, 11723, [-53 45 126 -2 -11 -1 -113 3 122 0 81 13 -42 -2 -6 0 -121 0 100 -4], 12.2, 340.9, -29.8
AM1V430 @A856F0, 14021, Thu Nov 02 16:35:37 GMT+01:00 2023, 11730, [-46 45 -66 -4 -44 -1 -42 2 77 0 -28 17 -75 -2 -47 1 121 0 -96 -4], 7.7, 458.0, -33.1
AM1V430 @A856F0, 14061, Thu Nov 02 16:35:37 GMT+01:00 2023, 11736, [-40 45 30 -3 7 0 96 1 -74 0 65 16 96 -1 113 2 120 0 29 -3], 18.2, 416.1, -16.0
AM1V430 @A856F0, 14108, Thu Nov 02 16:35:37 GMT+01:00 2023, 11742, [-34 45 102 -4 -25 -1 -36 -1 20 0 -58 13 91 -1 -42 2 106 0 -83 -3], 2.0, 352.6, -16.5
AM1V430 @A856F0, 14161, Thu Nov 02 16:35:37 GMT+01:00 2023, 11748, [-28 45 -79 -4 10 0 117 -2 72 0 77 11 -119 -1 -8 2 108 0 55 -2], 7.2, 289.3, -11.9
AM1V430 @A856F0, 14220, Thu Nov 02 16:35:37 GMT+01:00 2023, 11755, [-21 45 39 -3 -52 -1 114 -2 -65 -1 74 14 54 -2 -11 2 90 0 -50 -2], -6.5, 365.8, -45.8
AM1V430 @A856F0, 14267, Thu Nov 02 16:35:37 GMT+01:00 2023, 11761, [-15 45 -61 -3 -94 -1 90 -4 123 0 35 15 -42 -2 -74 2 81 0 127 -1], 12.3, 387.5, -29.8
AM1V430 @A856F0, 14314, Thu Nov 02 16:35:37 GMT+01:00 2023, 11767, [-9 45 30 -1 -94 -1 -39 -4 -59 -1 -41 12 -44 -2 77 2 72 0 -9 -1], -5.9, 328.7, -30.0
AM1V430 @A856F0, 14370, Thu Nov 02 16:35:37 GMT+01:00 2023, 11773, [-3 45 61 0 -115 -1 -104 -5 -102 0 -44 11 -53 -3 -74 1 61 0 90 0], 15.4, 302.8, -56.5
AM1V430 @A856F0, 14413, Thu Nov 02 16:35:37 GMT+01:00 2023, 11780, [4 46 110 1 -102 -1 75 -4 72 0 -106 8 -23 -3 53 1 46 0 124 0], 7.2, 219.8, -53.5
AM1V430 @A856F0, 14461, Thu Nov 02 16:35:37 GMT+01:00 2023, 11786, [10 46 2 2 115 -1 -71 -4 72 0 -94 6 25 -3 -25 0 48 0 -123 0], 7.2, 169.8, -74.3
AM1V430 @A856F0, 14508, Thu Nov 02 16:35:37 GMT+01:00 2023, 11792, [16 46 -34 1 105 -1 -113 -5 -111 1 -55 4 -113 -3 -109 0 40 0 127 0], 40.1, 122.5, -62.5
AM1V430 @A856F0, 14564, Thu Nov 02 16:35:37 GMT+01:00 2023, 11798, [22 46 -58 1 -125 -1 -37 -4 28 1 -3 2 -95 -2 114 0 27 0 123 0], 28.4, 76.5, -35.1
AM1V430 @A856F0, 14621, Thu Nov 02 16:35:37 GMT+01:00 2023, 11805, [29 46 25 2 -95 -1 20 -3 126 1 5 2 29 -2 79 0 16 0 115 0], 38.2, 51.7, -48.3
AM1V430 @A856F0, 14666, Thu Nov 02 16:35:37 GMT+01:00 2023, 11811, [35 46 -93 1 -114 -1 -27 -4 112 0 63 -1 -118 -2 57 0 15 0 117 0], 11.2, -19.3, -37.4
AM1V430 @A856F0, 14721, Thu Nov 02 16:35:38 GMT+01:00 2023, 11817, [41 46 96 2 -70 -1 -62 -4 -56 0 -58 -1 18 0 70 0 12 0 111 0], 20.0, -5.8, 1.8
AM1V430 @A856F0, 14760, Thu Nov 02 16:35:38 GMT+01:00 2023, 11823, [47 46 7 2 -108 -1 20 -3 103 0 -107 -1 -63 -1 73 0 4 0 115 0], 10.3, -10.7, -6.3
AM1V430 @A856F0, 14804, Thu Nov 02 16:35:38 GMT+01:00 2023, 11830, [54 46 39 2 -118 -1 -55 -4 -2 -1 -113 -1 100 0 79 0 12 0 108 0], -0.2, -11.3, 10.0
AM1V430 @A856F0, 14859, Thu Nov 02 16:35:38 GMT+01:00 2023, 11836, [60 46 64 2 -105 -1 -37 -4 112 -1 29 -3 -24 -1 106 0 7 0 117 0], -14.4, -73.9, -2.4
AM1V430 @A856F0, 14910, Thu Nov 02 16:35:38 GMT+01:00 2023, 11842, [66 46 14 2 -100 -1 18 -4 -85 -2 57 -6 -44 -1 -103 0 13 0 121 0], -34.1, -147.9, -4.4
AM1V430 @A856F0, 14965, Thu Nov 02 16:35:38 GMT+01:00 2023, 11848, [72 46 -119 1 -78 -1 -40 -4 87 -1 58 -5 104 0 -34 0 25 0 -127 0], -16.9, -122.2, 10.4
AM1V430 @A856F0, 15017, Thu Nov 02 16:35:38 GMT+01:00 2023, 11855, [79 46 -73 0 -95 -1 -110 -4 -124 -2 47 -10 -57 -1 57 1 33 0 126 0], -38.0, -251.3, -5.7
AM1V430 @A856F0, 15070, Thu Nov 02 16:35:38 GMT+01:00 2023, 11861, [85 46 57 0 -88 -1 36 -4 -107 -1 121 -4 -92 1 -118 1 33 0 108 0], -10.7, -90.3, 42.0
AM1V430 @A856F0, 15101, Thu Nov 02 16:35:38 GMT+01:00 2023, 11867, [91 46 -46 -1 -54 -1 -1 -5 -56 -1 -112 -2 -54 0 -85 1 45 0 100 0], -5.6, -36.8, 20.2
AM1V430 @A856F0, 15158, Thu Nov 02 16:35:38 GMT+01:00 2023, 11873, [97 46 -115 -1 -27 -1 -84 -5 17 -1 108 -1 89 1 -74 1 51 0 96 0], -23.9, -14.8, 34.5
AM1V430 @A856F0, 15212, Thu Nov 02 16:35:38 GMT+01:00 2023, 11880, [104 46 -57 0 23 0 24 -4 -87 -3 -75 -3 124 1 -55 1 82 0 85 0], -59.9, -58.7, 38.0
AM1V430 @A856F0, 15264, Thu Nov 02 16:35:38 GMT+01:00 2023, 11886, [110 46 -102 -1 43 0 8 -4 -43 -3 -76 -4 66 -1 -20 1 103 0 76 0], -55.5, -84.4, -19.0
AM1V430 @A856F0, 15317, Thu Nov 02 16:35:38 GMT+01:00 2023, 11892, [116 46 -16 -2 68 0 -22 -5 117 -4 83 -6 -84 -1 28 2 -121 0 42 0], -90.7, -145.3, -8.4
AM1V430 @A856F0, 15368, Thu Nov 02 16:35:38 GMT+01:00 2023, 11898, [122 46 88 -2 -42 0 -93 -6 -71 -3 -35 3 -16 -1 32 2 -106 0 55 0], -58.3, 98.9, -1.6
AM1V430 @A856F0, 15419, Thu Nov 02 16:35:38 GMT+01:00 2023, 11905, [-127 46 34 0 87 -1 51 -8 45 -10 89 12 96 -3 -62 1 -61 0 97 0], -251.5, 316.1, -67.2
AM1V430 @A856F0, 15454, Thu Nov 02 16:35:38 GMT+01:00 2023, 11911, [-121 46 23 -2 34 -2 -86 -2 -38 -23 -30 -16 -53 4 -37 1 122 1 30 0], -567.0, -387.0, 122.7
AM1V430 @A856F0, 15509, Thu Nov 02 16:35:38 GMT+01:00 2023, 11917, [-115 46 61 2 5 2 -17 2 86 -13 -54 -21 81 17 -8 1 76 2 24 -1], -324.2, -517.4, 443.3
AM1V430 @A856F0, 15578, Thu Nov 02 16:35:38 GMT+01:00 2023, 11923, [-109 46 21 3 -24 2 120 0 71 -1 31 4 -37 1 -94 1 -108 2 -39 -2], -18.5, 105.5, 47.5
AM1V430 @A856F0, 15613, Thu Nov 02 16:35:38 GMT+01:00 2023, 11930, [-102 46 9 2 -28 2 -70 0 -57 0 126 0 -96 -2 -85 1 -119 2 -18 -2], 19.9, 12.6, -35.2
AM1V430 @A856F0, 15662, Thu Nov 02 16:35:38 GMT+01:00 2023, 11936, [-96 46 -19 1 30 2 38 2 -46 7 100 5 -37 -12 -10 1 76 2 66 -1], 200.2, 138.0, -285.3
AM1V430 @A856F0, 15719, Thu Nov 02 16:35:39 GMT+01:00 2023, 11942, [-90 46 83 -1 36 -1 -112 0 16 18 -34 1 -25 -9 46 2 -73 1 -58 -1], 462.4, 47.8, -207.3
AM1V430 @A856F0, 15771, Thu Nov 02 16:35:39 GMT+01:00 2023, 11948, [-84 46 -78 -2 -24 -3 -2 -8 17 21 -15 10 9 -8 11 2 -72 0 63 0], 539.3, 280.1, -203.9
AM1V430 @A856F0, 15803, Thu Nov 02 16:35:39 GMT+01:00 2023, 11955, [-77 46 -14 -2 -64 -2 100 -3 -127 10 76 -10 -8 -3 52 2 52 0 3 0], 268.9, -248.4, -52.0
AM1V430 @A856F0, 15857, Thu Nov 02 16:35:39 GMT+01:00 2023, 11961, [-71 46 10 -2 -92 -4 51 -8 -87 13 -41 12 -89 -7 -25 1 -100 -1 -6 -1], 349.7, 328.7, -162.5
AM1V430 @A856F0, 15911, Thu Nov 02 16:35:39 GMT+01:00 2023, 11967, [-65 46 -111 -1 -35 -3 -41 -5 32 -3 3 -12 37 4 -2 1 -121 -1 -43 -1], -73.6, -306.9, 106.1
AM1V430 @A856F0, 15962, Thu Nov 02 16:35:39 GMT+01:00 2023, 11973, [-59 46 23 -1 57 -2 -87 -5 -5 0 -99 1 -8 -2 50 2 -105 -1 -70 -1], 25.1, 41.3, -26.4
AM1V430 @A856F0, 16016, Thu Nov 02 16:35:39 GMT+01:00 2023, 11980, [-52 46 48 -1 -62 -2 25 -3 -96 -2 -76 -3 57 1 59 2 -100 -1 -78 -1], -35.2, -58.8, 31.3
AM1V430 @A856F0, 16069, Thu Nov 02 16:35:39 GMT+01:00 2023, 11986, [-46 46 104 -2 -106 -2 26 -4 -128 -2 52 1 27 0 44 2 -93 -1 -58 -1], -38.4, 30.8, 2.7
AM1V430 @A856F0, 16120, Thu Nov 02 16:35:39 GMT+01:00 2023, 11992, [-40 46 -89 -2 -24 -2 -69 -4 -100 -2 -90 1 -64 1 55 2 -72 -1 -43 -1], -35.6, 42.2, 44.8
AM1V430 @A856F0, 16156, Thu Nov 02 16:35:39 GMT+01:00 2023, 11998, [-34 46 -115 -2 -50 -2 -19 -4 72 -2 -53 0 -64 3 55 2 -48 -1 -27 -1], -44.0, 20.3, 96.0
AM1V430 @A856F0, 16207, Thu Nov 02 16:35:39 GMT+01:00 2023, 12005, [-27 46 124 -1 41 -1 -4 -4 -100 0 -127 2 83 2 47 2 -12 -1 -15 -1], 15.6, 64.1, 59.5
AM1V430 @A856F0, 16260, Thu Nov 02 16:35:39 GMT+01:00 2023, 12011, [-21 46 63 -1 3 -1 16 -4 -88 0 106 2 -116 -1 26 2 -21 -1 10 0], 16.8, 61.8, -11.6
AM1V430 @A856F0, 16314, Thu Nov 02 16:35:39 GMT+01:00 2023, 12017, [-15 46 61 -1 8 -1 -54 -4 67 -1 125 -1 29 -1 16 2 -33 -1 12 0], -18.9, -13.1, -22.7
AM1V430 @A856F0, 16365, Thu Nov 02 16:35:39 GMT+01:00 2023, 12023, [-9 46 116 -1 -10 -2 94 -4 -91 0 94 0 -70 -2 4 2 -39 -1 7 0], 16.5, 9.4, -32.6
AM1V430 @A856F0, 16420, Thu Nov 02 16:35:39 GMT+01:00 2023, 12030, [-2 46 47 -1 -20 -2 -39 -5 7 0 -80 -2 92 -2 10 2 -39 -1 4 0], 0.7, -33.6, -42.0
AM1V430 @A856F0, 16471, Thu Nov 02 16:35:39 GMT+01:00 2023, 12036, [4 47 -66 -1 -5 -2 -120 -5 55 -3 100 -9 93 0 53 2 -34 -1 -33 -1], -71.3, -220.4, 9.3
AM1V430 @A856F0, 16502, Thu Nov 02 16:35:39 GMT+01:00 2023, 12042, [10 47 -4 -2 43 -1 118 -4 6 -5 -1 -14 17 -1 -105 2 -7 -1 127 -1], -127.4, -332.9, -23.9
AM1V430 @A856F0, 16560, Thu Nov 02 16:35:39 GMT+01:00 2023, 12048, [16 47 18 -2 112 -1 31 -3 -106 -5 9 -12 -5 -3 -38 2 -6 -1 22 -1], -113.0, -306.3, -51.7
AM1V430 @A856F0, 16612, Thu Nov 02 16:35:39 GMT+01:00 2023, 12055, [23 47 -83 -3 -121 -1 94 -3 -44 -5 -118 -10 28 -2 -24 2 -7 -1 -86 -2], -106.8, -242.2, -48.4
AM1V430 @A856F0, 16663, Thu Nov 02 16:35:39 GMT+01:00 2023, 12061, [29 47 -68 -4 23 -1 -117 -2 -125 -6 92 -7 36 -4 -30 2 -43 -1 98 -2], -140.5, -170.0, -98.8
AM1V430 @A856F0, 16716, Thu Nov 02 16:35:39 GMT+01:00 2023, 12067, [35 47 -8 -5 2 -1 118 -1 -25 -6 30 -4 0 -2 -38 2 -69 -1 76 -2], -130.5, -99.4, -51.2
AM1V430 @A856F0, 16767, Thu Nov 02 16:35:40 GMT+01:00 2023, 12073, [41 47 -13 -5 19 -1 116 0 37 -5 32 -3 116 0 -39 2 -87 -1 50 -2], -124.3, -73.6, 11.6
AM1V430 @A856F0, 16819, Thu Nov 02 16:35:40 GMT+01:00 2023, 12080, [48 47 87 -4 104 -1 -23 0 67 -2 -69 -2 -16 -1 -45 2 -81 -1 43 -2], -44.5, -32.5, -1.6
AM1V430 @A856F0, 16854, Thu Nov 02 16:35:40 GMT+01:00 2023, 12086, [54 47 26 -4 72 -1 36 1 -15 0 -85 0 -79 -1 -44 2 -88 -1 38 -2], 24.1, 17.1, -7.9
AM1V430 @A856F0, 16907, Thu Nov 02 16:35:40 GMT+01:00 2023, 12092, [60 47 -60 -5 -52 -2 -127 2 9 4 -70 3 118 0 -48 2 -79 -1 50 -2], 103.3, 95.4, 11.8
AM1V430 @A856F0, 16959, Thu Nov 02 16:35:40 GMT+01:00 2023, 12098, [66 47 108 -5 -86 -2 -11 0 47 5 -76 4 82 -1 -44 2 -75 -1 107 -2], 132.7, 120.4, -17.4
AM1V430 @A856F0, 17013, Thu Nov 02 16:35:40 GMT+01:00 2023, 12105, [73 47 22 -3 -125 -2 103 -1 -42 7 -53 7 -60 2 -30 2 -61 -1 -105 -2], 200.6, 199.5, 70.8
AM1V430 @A856F0, 17064, Thu Nov 02 16:35:40 GMT+01:00 2023, 12111, [79 47 -33 -4 -60 -2 3 -4 -75 3 -107 4 -25 0 -50 2 -64 -1 -56 -2], 94.9, 117.3, 23.1
AM1V430 @A856F0, 17118, Thu Nov 02 16:35:40 GMT+01:00 2023, 12117, [85 47 101 -2 -32 -2 -7 -6 -12 2 55 5 78 0 -65 2 -63 -1 -24 -2], 75.6, 133.5, 7.8
AM1V430 @A856F0, 17172, Thu Nov 02 16:35:40 GMT+01:00 2023, 12123, [91 47 -59 -2 -47 -2 76 -7 -80 -2 64 1 44 -1 -72 2 -79 -1 3 -1], -33.6, 32.0, -21.2
AM1V430 @A856F0, 17203, Thu Nov 02 16:35:40 GMT+01:00 2023, 12130, [98 47 100 -2 -49 -2 -97 -5 -25 -6 100 0 -59 -3 -87 2 -70 -1 25 -1], -130.5, 10.0, -57.1
AM1V430 @A856F0, 17258, Thu Nov 02 16:35:40 GMT+01:00 2023, 12136, [104 47 -55 -3 124 -2 -44 -4 104 -6 98 1 -51 -4 -92 2 -75 -1 70 -1], -143.2, 35.4, -81.9
AM1V430 @A856F0, 17312, Thu Nov 02 16:35:40 GMT+01:00 2023, 12142, [110 47 45 -3 -45 -2 -11 -3 114 -6 61 -1 89 -3 -99 2 -72 -1 93 -1], -142.2, -19.5, -67.9
AM1V430 @A856F0, 17363, Thu Nov 02 16:35:40 GMT+01:00 2023, 12148, [116 47 43 -3 27 -1 89 -2 -39 -4 -95 0 10 -3 -98 2 -69 -1 112 -1], -80.7, 16.1, -75.8
AM1V430 @A856F0, 17413, Thu Nov 02 16:35:40 GMT+01:00 2023, 12155, [123 47 -93 -3 96 -1 -93 -4 112 -3 50 0 56 -2 -122 2 -78 -1 -123 -1], -65.6, 5.0, -45.6
AM1V430 @A856F0, 17466, Thu Nov 02 16:35:40 GMT+01:00 2023, 12161, [-127 47 39 -3 -127 -1 46 -2 100 -3 67 -1 -51 -2 -113 2 -84 -1 -123 -1], -66.8, -18.9, -30.7
AM1V430 @A856F0, 17520, Thu Nov 02 16:35:40 GMT+01:00 2023, 12167, [-121 47 -76 -3 -66 -1 28 -3 112 -2 119 -1 -33 -3 -104 2 -87 -1 -126 -1], -40.0, -13.7, -54.5
AM1V430 @A856F0, 17554, Thu Nov 02 16:35:40 GMT+01:00 2023, 12173, [-115 47 64 -3 -127 -1 -120 -3 76 -2 -1 -2 -94 -2 -102 2 -88 -1 -126 -1], -43.6, -25.7, -35.0
AM1V430 @A856F0, 17607, Thu Nov 02 16:35:40 GMT+01:00 2023, 12180, [-108 47 10 -3 -125 -1 -12 -3 -41 -3 -121 -4 25 -2 -92 2 -100 -1 115 -1], -55.3, -88.9, -48.7
AM1V430 @A856F0, 17659, Thu Nov 02 16:35:40 GMT+01:00 2023, 12186, [-102 47 -73 -4 117 -1 66 -3 96 -1 -10 -1 43 -2 -86 2 -109 -1 97 -1], -16.0, -1.0, -46.9
AM1V430 @A856F0, 17712, Thu Nov 02 16:35:40 GMT+01:00 2023, 12192, [-96 47 -91 -4 126 -1 -97 -2 28 -1 -111 -1 -33 -2 -92 2 -111 -1 99 -1], -22.8, -11.1, -28.9
AM1V430 @A856F0, 17774, Thu Nov 02 16:35:41 GMT+01:00 2023, 12198, [-90 47 -107 -4 -113 -1 -74 -3 58 0 -104 0 63 -1 -96 2 -121 -1 102 -1], 5.8, 15.2, -19.3
AM1V430 @A856F0, 17819, Thu Nov 02 16:35:41 GMT+01:00 2023, 12205, [-83 47 89 -4 52 -1 60 -3 -99 0 108 1 -124 0 -108 2 -115 -1 114 -1], 15.7, 36.4, 13.2
AM1V430 @A856F0, 17869, Thu Nov 02 16:35:41 GMT+01:00 2023, 12211, [-77 47 116 -4 -110 -1 -28 -4 3 0 45 1 -46 0 -117 2 -120 -1 -124 -1], 0.3, 30.1, 21.0
AM1V430 @A856F0, 17905, Thu Nov 02 16:35:41 GMT+01:00 2023, 12217, [-71 47 119 -4 109 -1 20 -4 116 -1 -34 0 -20 1 -125 2 -105 -1 -117 -1], -14.0, 22.2, 49.2
AM1V430 @A856F0, 17959, Thu Nov 02 16:35:41 GMT+01:00 2023, 12223, [-65 47 -24 -4 -68 -1 -59 -4 97 -2 -7 -1 113 2 -117 2 -75 -1 -102 -1], -41.5, -0.7, 62.5
AM1V430 @A856F0, 18010, Thu Nov 02 16:35:41 GMT+01:00 2023, 12230, [-58 47 25 -3 -44 -1 77 -3 -43 -2 -119 0 -52 2 -114 2 -42 -1 -96 -1], -29.9, 13.7, 71.6
AM1V430 @A856F0, 18063, Thu Nov 02 16:35:41 GMT+01:00 2023, 12236, [-52 47 98 -3 25 0 96 -2 -24 -2 88 0 -77 3 -113 2 -16 -1 -81 -1], -28.0, 8.8, 94.7
AM1V430 @A856F0, 18114, Thu Nov 02 16:35:41 GMT+01:00 2023, 12242, [-46 47 122 -3 51 0 117 -2 -72 0 7 2 99 3 -113 2 24 0 -55 -1], 18.4, 51.9, 86.7
AM1V430 @A856F0, 18168, Thu Nov 02 16:35:41 GMT+01:00 2023, 12248, [-40 47 -101 -3 10 0 -110 -2 -7 1 36 2 -19 3 124 2 45 0 -33 -1], 50.5, 54.8, 100.5
AM1V430 @A856F0, 18220, Thu Nov 02 16:35:41 GMT+01:00 2023, 12255, [-33 47 69 -2 0 0 -86 -2 -29 2 -32 1 83 3 100 2 43 0 -16 -1], 73.9, 48.0, 85.1
AM1V430 @A856F0, 18257, Thu Nov 02 16:35:41 GMT+01:00 2023, 12261, [-27 47 13 -1 -33 -1 93 -3 0 4 92 2 29 3 76 2 43 0 -13 -1], 102.4, 60.4, 79.7
AM1V430 @A856F0, 18309, Thu Nov 02 16:35:41 GMT+01:00 2023, 12267, [-21 47 121 0 24 0 -85 -5 -51 3 -72 1 -87 1 64 2 24 0 6 0], 97.3, 44.0, 42.5
AM1V430 @A856F0, 18360, Thu Nov 02 16:35:41 GMT+01:00 2023, 12273, [-15 47 -96 0 -22 -1 -113 -5 -14 2 116 1 -72 0 41 2 -6 -1 3 0], 75.4, 37.2, 18.4
AM1V430 @A856F0, 18412, Thu Nov 02 16:35:41 GMT+01:00 2023, 12280, [-8 47 101 0 -64 -1 14 -5 51 2 -32 0 78 -1 26 2 -28 -1 -6 -1], 56.3, 22.4, -17.8
AM1V430 @A856F0, 18461, Thu Nov 02 16:35:41 GMT+01:00 2023, 12286, [-2 47 -70 -1 107 -1 34 -5 29 1 28 0 -15 -3 19 2 -40 -1 -10 -1], 28.5, 2.8, -52.7
AM1V430 @A856F0, 18517, Thu Nov 02 16:35:41 GMT+01:00 2023, 12292, [4 48 91 -1 79 -1 75 -5 0 0 -124 -1 -116 -3 22 2 -63 -1 -13 -1], 0.0, -12.4, -62.8
AM1V430 @A856F0, 18570, Thu Nov 02 16:35:41 GMT+01:00 2023, 12298, [10 48 66 -1 95 -1 -19 -5 29 -1 -38 -2 77 -3 26 2 -58 -1 -19 -1], -22.7, -29.4, -69.1
AM1V430 @A856F0, 18606, Thu Nov 02 16:35:41 GMT+01:00 2023, 12305, [17 48 -34 -2 107 -1 37 -4 -63 -2 22 -1 7 -2 26 2 -75 -1 -25 -1], -31.9, -23.4, -50.5
AM1V430 @A856F0, 18657, Thu Nov 02 16:35:41 GMT+01:00 2023, 12311, [23 48 -80 -2 115 -1 -71 -4 -93 -1 -68 -1 -74 -2 43 2 -85 -1 -24 -1], -9.3, -6.8, -33.0
AM1V430 @A856F0, 18709, Thu Nov 02 16:35:41 GMT+01:00 2023, 12317, [29 48 68 -2 112 -1 18 -3 42 0 -49 -2 -53 -3 47 2 -76 -1 -30 -1], 4.2, -30.5, -56.5
AM1V430 @A856F0, 18761, Thu Nov 02 16:35:42 GMT+01:00 2023, 12323, [35 48 -2 -4 100 -1 -115 -5 -85 0 -30 -4 122 -1 55 2 -103 -1 -64 -1], 17.1, -79.8, -13.4
AM1V430 @A856F0, 18814, Thu Nov 02 16:35:42 GMT+01:00 2023, 12330, [42 48 -21 -3 120 -1 -54 -5 18 -1 -44 -3 -36 -3 92 2 -97 -1 -79 -1], -23.8, -55.6, -54.8
AM1V430 @A856F0, 18867, Thu Nov 02 16:35:42 GMT+01:00 2023, 12336, [48 48 -72 -3 57 -1 23 -3 103 -4 -60 -5 -83 -2 113 2 -105 -1 -97 -1], -92.1, -108.4, -33.9
AM1V430 @A856F0, 18920, Thu Nov 02 16:35:42 GMT+01:00 2023, 12342, [54 48 -73 -4 75 -1 35 -3 83 -3 70 -1 82 -3 124 2 -108 -1 -103 -1], -68.5, -18.6, -68.6
AM1V430 @A856F0, 18957, Thu Nov 02 16:35:42 GMT+01:00 2023, 12348, [60 48 -91 -4 119 -1 -117 -3 21 -3 -112 -1 -46 -3 125 2 -109 -1 -99 -1], -74.7, -11.2, -55.8
AM1V430 @A856F0, 19009, Thu Nov 02 16:35:42 GMT+01:00 2023, 12355, [67 48 -103 -4 -105 -1 27 -3 58 -2 -84 -1 76 -1 125 2 -106 -1 -93 -1], -45.4, -8.4, -18.0
AM1V430 @A856F0, 19060, Thu Nov 02 16:35:42 GMT+01:00 2023, 12361, [73 48 29 -4 -100 -1 -119 -3 -81 -3 107 0 97 -1 -128 2 -94 -1 -78 -1], -59.3, 10.7, -15.9
AM1V430 @A856F0, 19113, Thu Nov 02 16:35:42 GMT+01:00 2023, 12367, [79 48 -117 -4 -88 -1 26 -3 -120 -2 -18 0 81 1 110 2 -88 -1 -52 -1], -37.6, 23.8, 33.7
AM1V430 @A856F0, 19164, Thu Nov 02 16:35:42 GMT+01:00 2023, 12373, [85 48 -81 -4 -74 -1 79 -3 -78 -2 15 2 13 2 98 2 -60 -1 -10 -1], -33.4, 52.7, 52.5
AM1V430 @A856F0, 19216, Thu Nov 02 16:35:42 GMT+01:00 2023, 12380, [92 48 114 -3 -64 -1 91 -3 105 -1 -37 1 -23 2 80 2 -31 -1 6 0], -15.1, 47.5, 74.5
AM1V430 @A856F0, 19271, Thu Nov 02 16:35:42 GMT+01:00 2023, 12386, [98 48 81 -2 -10 -1 -37 -3 -47 -1 -124 1 -79 3 64 2 -9 -1 30 0], -4.7, 38.8, 94.5
AM1V430 @A856F0, 19306, Thu Nov 02 16:35:42 GMT+01:00 2023, 12392, [104 48 -78 -2 -15 -1 33 -2 -16 0 112 2 15 4 35 2 24 0 39 0], 24.0, 62.4, 103.9
AM1V430 @A856F0, 19354, Thu Nov 02 16:35:42 GMT+01:00 2023, 12398, [110 48 102 -1 14 0 75 -2 -119 1 8 2 -46 3 14 2 33 0 43 0], 39.3, 52.0, 97.8
AM1V430 @A856F0, 19409, Thu Nov 02 16:35:42 GMT+01:00 2023, 12405, [117 48 -36 0 51 0 -59 -4 -128 3 -81 1 8 4 -11 1 30 0 61 0], 89.6, 43.1, 103.2
AM1V430 @A856F0, 19463, Thu Nov 02 16:35:42 GMT+01:00 2023, 12411, [123 48 -79 0 70 0 -96 -4 -105 2 7 1 74 2 -14 1 21 0 63 0], 66.3, 26.3, 58.6
AM1V430 @A856F0, 19513, Thu Nov 02 16:35:42 GMT+01:00 2023, 12417, [-127 48 -108 1 -110 0 51 -4 106 3 -99 1 96 1 -28 1 -7 -1 51 0], 87.4, 41.3, 35.2
AM1V430 @A856F0, 19567, Thu Nov 02 16:35:42 GMT+01:00 2023, 12423, [-121 48 -27 0 77 0 70 -6 42 3 24 2 118 -2 -58 1 -43 -1 55 0], 81.0, 53.6, -39.4
AM1V430 @A856F0, 19620, Thu Nov 02 16:35:42 GMT+01:00 2023, 12430, [-114 48 57 0 127 0 48 -6 -65 0 39 0 -111 -3 -74 1 -66 -1 34 0], 19.1, 3.9, -62.3
AM1V430 @A856F0, 19659, Thu Nov 02 16:35:42 GMT+01:00 2023, 12436, [-108 48 -62 -2 -62 -1 -89 -6 4 -1 79 -1 -87 -3 -91 1 -81 -1 31 0], -25.2, -17.7, -59.9
AM1V430 @A856F0, 19707, Thu Nov 02 16:35:42 GMT+01:00 2023, 12442, [-102 48 -118 -2 31 0 10 -5 37 -1 -51 -1 34 -2 -94 1 -73 -1 39 0], -21.9, -5.1, -47.8
AM1V430 @A856F0, 19761, Thu Nov 02 16:35:43 GMT+01:00 2023, 12448, [-96 48 122 -1 -128 0 -12 -5 -45 -2 83 -1 15 -1 -98 1 -54 -1 45 0], -30.1, -17.3, -24.1
AM1V430 @A856F0, 19812, Thu Nov 02 16:35:43 GMT+01:00 2023, 12455, [-89 48 -110 -1 21 0 -96 -3 47 -1 14 0 -109 -3 -91 1 -42 -1 54 0], -20.9, 1.4, -62.1
AM1V430 @A856F0, 19866, Thu Nov 02 16:35:43 GMT+01:00 2023, 12461, [-83 48 57 -1 -11 -2 -18 -3 -128 0 -53 -1 64 -2 -106 1 -34 -1 51 0], 12.8, -5.3, -44.8
AM1V430 @A856F0, 19917, Thu Nov 02 16:35:43 GMT+01:00 2023, 12467, [-77 48 -35 -2 -80 -3 -115 -4 -114 1 99 0 39 -2 -112 1 -49 -1 46 0], 39.8, 9.9, -47.3
AM1V430 @A856F0, 19972, Thu Nov 02 16:35:43 GMT+01:00 2023, 12473, [-71 48 58 -2 10 -3 62 -5 3 1 -126 -1 24 -1 -109 1 -72 -1 36 0], 25.9, -12.6, -23.2
AM1V430 @A856F0, 20007, Thu Nov 02 16:35:43 GMT+01:00 2023, 12480, [-64 48 -96 -2 82 -3 -57 -5 96 -1 -60 -1 -7 0 -104 1 -69 -1 34 0], -16.0, -6.0, 24.9
AM1V430 @A856F0, 20053, Thu Nov 02 16:35:43 GMT+01:00 2023, 12486, [-58 48 105 -1 70 -2 106 -4 -22 -3 -75 -2 72 1 -100 1 -48 -1 48 0], -53.4, -33.1, 32.8
AM1V430 @A856F0, 20108, Thu Nov 02 16:35:43 GMT+01:00 2023, 12492, [-52 48 -41 -2 -55 -2 -79 -4 88 -2 -53 -2 -117 2 -83 1 -46 -1 45 0], -42.4, -30.9, 65.1
AM1V430 @A856F0, 20159, Thu Nov 02 16:35:43 GMT+01:00 2023, 12498, [-46 48 119 -1 -16 -1 56 -3 32 -1 113 -1 -59 1 -62 1 -31 -1 51 0], -22.4, -14.3, 45.3
AM1V430 @A856F0, 20215, Thu Nov 02 16:35:43 GMT+01:00 2023, 12505, [-39 48 107 -1 87 0 32 -3 100 -1 -86 -1 -90 2 -47 1 -30 -1 54 0], -15.6, -8.6, 67.8
AM1V430 @A856F0, 20286, Thu Nov 02 16:35:43 GMT+01:00 2023, 12511, [-33 48 5 -1 54 0 17 -4 -9 0 31 2 -127 1 -46 1 -27 -1 49 0], 24.7, 54.3, 38.5
AM1V430 @A856F0, 20326, Thu Nov 02 16:35:43 GMT+01:00 2023, 12517, [-27 48 56 -1 -127 0 -88 -5 5 -1 -16 2 -18 1 -71 1 -24 -1 78 0], -25.1, 75.2, 49.4
AM1V430 @A856F0, 20356, Thu Nov 02 16:35:43 GMT+01:00 2023, 12523, [-21 48 24 0 -99 1 -60 -5 -123 0 84 4 101 2 -103 1 -21 -1 91 0], 13.3, 110.8, 61.3
AM1V430 @A856F0, 20407, Thu Nov 02 16:35:43 GMT+01:00 2023, 12530, [-14 48 -7 0 -106 2 -35 -5 -26 -2 -64 2 98 0 119 1 -19 -1 106 0], -28.2, 70.4, 9.8
AM1V430 @A856F0, 20461, Thu Nov 02 16:35:43 GMT+01:00 2023, 12536, [-8 48 -117 1 115 3 -9 -4 -40 -2 35 1 102 -1 104 1 -6 -1 117 0], -29.6, 29.1, -15.4
AM1V430 @A856F0, 20513, Thu Nov 02 16:35:43 GMT+01:00 2023, 12542, [-2 48 106 1 58 2 -13 -4 35 1 106 0 64 -3 90 1 0 0 115 0], 29.1, 10.6, -70.4
AM1V430 @A856F0, 20563, Thu Nov 02 16:35:43 GMT+01:00 2023, 12548, [4 49 98 0 81 1 17 -3 57 -1 -121 -1 -35 -3 77 1 -3 -1 118 0], -19.9, -12.1, -54.7
AM1V430 @A856F0, 20617, Thu Nov 02 16:35:43 GMT+01:00 2023, 12555, [11 49 34 0 -128 0 27 -4 79 1 7 0 -90 -4 68 1 -16 -1 112 0], 33.5, 0.7, -85.8
AM1V430 @A856F0, 20669, Thu Nov 02 16:35:43 GMT+01:00 2023, 12561, [17 49 -78 0 40 0 53 -3 12 1 114 -1 86 -3 56 1 -10 -1 109 0], 26.8, -14.2, -68.2
AM1V430 @A856F0, 20710, Thu Nov 02 16:35:43 GMT+01:00 2023, 12567, [23 49 101 -1 66 -1 -98 -4 42 2 -10 -1 22 -3 50 1 -31 -1 100 0], 55.4, -1.0, -74.6
AM1V430 @A856F0, 20754, Thu Nov 02 16:35:44 GMT+01:00 2023, 12573, [29 49 71 0 -95 -2 -29 -5 -76 1 -73 -1 109 -2 59 1 -46 -1 82 0], 43.6, -7.3, -40.3
AM1V430 @A856F0, 20811, Thu Nov 02 16:35:44 GMT+01:00 2023, 12580, [36 49 32 -1 39 -3 -85 -5 -127 2 116 -1 -124 -2 62 1 -51 -1 84 0], 64.1, -14.0, -38.0
AM1V430 @A856F0, 20865, Thu Nov 02 16:35:44 GMT+01:00 2023, 12586, [42 49 25 -1 97 -3 98 -5 29 0 94 -2 -22 -1 81 1 -64 -1 70 0], 2.9, -41.8, -2.2
AM1V430 @A856F0, 20915, Thu Nov 02 16:35:44 GMT+01:00 2023, 12592, [48 49 92 -1 -16 -3 -98 -5 -54 -2 -33 -2 -59 0 92 1 -57 -1 67 0], -31.0, -28.9, 19.7
AM1V430 @A856F0, 20969, Thu Nov 02 16:35:44 GMT+01:00 2023, 12598, [54 49 -65 -1 -109 -2 127 -4 38 -1 48 -1 89 1 95 1 -42 -1 66 0], -21.8, -20.8, 34.5
AM1V430 @A856F0, 21020, Thu Nov 02 16:35:44 GMT+01:00 2023, 12605, [61 49 -71 -1 30 -1 87 -4 -43 -2 43 -1 -71 1 108 1 -45 -1 75 0], -29.9, -21.3, 44.1
AM1V430 @A856F0, 21062, Thu Nov 02 16:35:44 GMT+01:00 2023, 12611, [67 49 -55 -1 -120 -1 53 -4 110 -1 60 -1 87 1 114 1 -46 -1 76 0], -14.6, -19.6, 34.3
AM1V430 @A856F0, 21107, Thu Nov 02 16:35:44 GMT+01:00 2023, 12617, [73 49 10 -1 -82 -1 -75 -4 74 -2 81 -1 22 2 -121 1 -27 -1 72 0], -43.8, -17.5, 53.4
AM1V430 @A856F0, 21157, Thu Nov 02 16:35:44 GMT+01:00 2023, 12623, [79 49 -125 0 -81 0 -39 -4 31 -2 -63 -1 -120 2 -112 1 -12 -1 88 0], -48.1, -6.3, 64.8
AM1V430 @A856F0, 21213, Thu Nov 02 16:35:44 GMT+01:00 2023, 12630, [86 49 -24 -1 20 1 -118 -3 57 -1 48 0 -77 1 -101 1 -3 -1 81 0], -19.9, 4.8, 43.5
AM1V430 @A856F0, 21266, Thu Nov 02 16:35:44 GMT+01:00 2023, 12636, [92 49 25 0 -7 0 -62 -4 -79 0 7 0 48 1 -86 1 -6 -1 85 0], 17.7, 0.7, 30.4
AM1V430 @A856F0, 21316, Thu Nov 02 16:35:44 GMT+01:00 2023, 12642, [98 49 33 -1 -26 0 -27 -4 17 2 -56 0 -7 -1 -85 1 -10 -1 81 0], 52.9, 20.0, -0.7
AM1V430 @A856F0, 21369, Thu Nov 02 16:35:44 GMT+01:00 2023, 12648, [104 49 99 -1 121 0 65 -5 118 1 12 1 -128 1 -91 1 -33 -1 70 0], 37.4, 26.8, 38.4
AM1V430 @A856F0, 21402, Thu Nov 02 16:35:44 GMT+01:00 2023, 12655, [111 49 32 -1 -54 0 -98 -5 68 1 -101 0 10 1 -89 1 -40 -1 72 0], 32.4, 15.5, 26.6
AM1V430 @A856F0, 21456, Thu Nov 02 16:35:44 GMT+01:00 2023, 12661, [117 49 -13 -2 52 0 -100 -4 31 1 114 -1 -43 2 -80 1 -34 -1 66 0], 28.7, -14.2, 72.5
AM1V430 @A856F0, 21509, Thu Nov 02 16:35:44 GMT+01:00 2023, 12667, [123 49 52 -1 22 0 127 -4 -79 2 74 -2 121 1 -38 1 -49 -1 37 0], 68.9, -43.8, 37.7
AM1V430 @A856F0, 21562, Thu Nov 02 16:35:44 GMT+01:00 2023, 12673, [-127 49 101 -1 -58 -1 -84 -4 56 1 -73 -4 -62 4 -8 1 -45 -1 16 0], 31.2, -84.1, 121.8
AM1V430 @A856F0, 21618, Thu Nov 02 16:35:44 GMT+01:00 2023, 12680, [-120 49 23 -2 105 -1 25 -4 -14 2 116 0 -19 3 37 2 -39 -1 -3 -1], 75.4, 11.6, 100.5
AM1V430 @A856F0, 21668, Thu Nov 02 16:35:44 GMT+01:00 2023, 12686, [-114 49 64 -1 89 -1 -66 -5 6 1 -38 -5 77 3 65 2 -25 -1 -28 -1], 26.2, -106.2, 84.5
AM1V430 @A856F0, 21720, Thu Nov 02 16:35:45 GMT+01:00 2023, 12692, [-108 49 -32 -3 1 -1 -80 -6 -127 0 -35 -1 39 3 74 2 -18 -1 -37 -1], 12.9, -3.5, 80.7
AM1V430 @A856F0, 21754, Thu Nov 02 16:35:45 GMT+01:00 2023, 12698, [-102 49 25 -1 -5 -1 -89 -4 -1 -5 8 4 -99 1 73 2 33 0 -15 -1], -102.5, 103.2, 41.3
AM1V430 @A856F0, 21806, Thu Nov 02 16:35:45 GMT+01:00 2023, 12705, [-95 49 43 -1 -98 -1 -117 -4 -41 -8 8 0 87 2 43 2 102 0 24 0], -183.3, 0.8, 59.9
AM1V430 @A856F0, 21858, Thu Nov 02 16:35:45 GMT+01:00 2023, 12711, [-89 49 87 -1 -51 0 30 -4 -69 -3 -22 2 108 -2 31 2 -114 0 49 0], -58.1, 74.6, -40.4
AM1V430 @A856F0, 21913, Thu Nov 02 16:35:45 GMT+01:00 2023, 12717, [-83 49 84 -1 -41 0 23 -4 102 -5 72 -2 101 -2 37 2 -84 0 46 0], -117.8, -44.0, -41.1
AM1V430 @A856F0, 21963, Thu Nov 02 16:35:45 GMT+01:00 2023, 12723, [-77 49 101 -1 79 1 47 -3 6 -4 36 1 -52 -5 38 2 -73 0 31 0], -101.8, 29.2, -107.6
AM1V430 @A856F0, 22018, Thu Nov 02 16:35:45 GMT+01:00 2023, 12730, [-70 49 26 -2 -17 0 91 -4 113 -2 -95 -1 27 -5 32 2 -76 0 40 0], -39.9, -9.5, -125.3
AM1V430 @A856F0, 22067, Thu Nov 02 16:35:45 GMT+01:00 2023, 12736, [-64 49 -54 -2 -108 1 79 -3 47 -1 -106 -2 -127 -3 56 2 -87 0 33 0], -20.9, -36.2, -63.9
AM1V430 @A856F0, 22101, Thu Nov 02 16:35:45 GMT+01:00 2023, 12742, [-58 49 -57 -1 -94 1 45 -3 -13 -1 28 4 8 -5 37 2 -109 0 40 0], -1.3, 105.2, -127.2
AM1V430 @A856F0, 22157, Thu Nov 02 16:35:45 GMT+01:00 2023, 12748, [-52 49 -25 -3 21 0 13 -4 50 3 -65 10 50 -9 -32 1 73 0 78 0], 81.8, 275.1, -225.4
AM1V430 @A856F0, 22210, Thu Nov 02 16:35:45 GMT+01:00 2023, 12755, [-45 49 51 -1 -61 0 66 -4 -88 1 -66 -7 -10 0 -67 1 43 0 78 0], 42.4, -160.2, 24.6
AM1V430 @A856F0, 22266, Thu Nov 02 16:35:45 GMT+01:00 2023, 12761, [-39 49 -96 -2 124 0 -37 -5 49 0 -11 -1 103 -2 -34 1 12 0 57 0], 4.9, -1.1, -40.9
AM1V430 @A856F0, 22318, Thu Nov 02 16:35:45 GMT+01:00 2023, 12767, [-33 49 -119 -2 110 0 114 -4 60 0 76 -2 -81 -1 -23 1 7 0 51 0], 6.0, -43.6, -8.1
AM1V430 @A856F0, 22369, Thu Nov 02 16:35:45 GMT+01:00 2023, 12773, [-27 49 28 -2 108 0 72 -4 -74 0 24 -5 -39 0 4 2 3 0 27 0], 18.2, -125.6, 21.7
AM1V430 @A856F0, 22420, Thu Nov 02 16:35:45 GMT+01:00 2023, 12780, [-20 49 -22 -3 8 0 -67 -3 -11 1 -47 -9 82 3 70 2 16 0 -21 -1], 50.1, -209.5, 85.0
AM1V430 @A856F0, 22454, Thu Nov 02 16:35:45 GMT+01:00 2023, 12786, [-14 49 61 -2 101 0 -98 -3 -97 8 -76 -3 -28 0 110 2 -12 -1 -76 -1], 220.7, -58.8, 22.8
AM1V430 @A856F0, 22509, Thu Nov 02 16:35:45 GMT+01:00 2023, 12792, [-8 49 -51 -4 18 -1 -21 -7 -23 -1 78 -2 5 3 98 2 -42 -1 -82 -1], -2.3, -43.4, 77.3
AM1V430 @A856F0, 22563, Thu Nov 02 16:35:45 GMT+01:00 2023, 12798, [-2 49 68 -2 -92 0 -95 -3 -30 -8 -83 -3 4 3 -116 2 39 0 -94 -1], -182.2, -59.5, 77.2
AM1V430 @A856F0, 22611, Thu Nov 02 16:35:45 GMT+01:00 2023, 12805, [5 50 99 -2 -51 0 -98 -3 14 -2 111 6 79 -2 -113 2 69 0 -63 -1], -49.8, 164.7, -43.3
AM1V430 @A856F0, 22666, Thu Nov 02 16:35:45 GMT+01:00 2023, 12811, [11 50 -46 -3 -112 0 21 -4 -38 -3 50 6 -99 0 68 2 60 0 4 0], -55.0, 158.6, 15.7
AM1V430 @A856F0, 22716, Thu Nov 02 16:35:45 GMT+01:00 2023, 12817, [17 50 -83 -2 -28 0 -31 -4 -79 -2 1 3 -20 -2 28 2 88 0 30 0], -33.5, 76.9, -27.6
AM1V430 @A856F0, 22769, Thu Nov 02 16:35:46 GMT+01:00 2023, 12823, [23 50 -65 -2 -59 0 -51 -4 -28 -2 86 4 46 -5 -8 1 73 0 63 0], -28.4, 111.0, -123.4
AM1V430 @A856F0, 22804, Thu Nov 02 16:35:46 GMT+01:00 2023, 12830, [30 50 57 -2 -69 0 59 -4 76 -1 45 1 -73 -1 -40 1 58 0 70 0], -18.0, 30.1, -7.3
AM1V430 @A856F0, 22858, Thu Nov 02 16:35:46 GMT+01:00 2023, 12836, [36 50 15 -1 14 1 -78 -4 70 0 113 0 -63 -1 -34 1 66 0 69 0], 7.0, 11.3, -6.3
AM1V430 @A856F0, 22908, Thu Nov 02 16:35:46 GMT+01:00 2023, 12842, [42 50 -25 -2 -43 0 92 -4 -98 0 -25 0 110 -1 -50 1 60 0 73 0], 15.8, 23.1, -14.6
AM1V430 @A856F0, 22963, Thu Nov 02 16:35:46 GMT+01:00 2023, 12848, [48 50 -12 -2 -48 0 67 -4 70 0 -32 0 53 0 -59 1 48 0 76 0], 7.0, 22.4, 5.3
AM1V430 @A856F0, 23011, Thu Nov 02 16:35:46 GMT+01:00 2023, 12855, [55 50 55 -1 -21 0 97 -4 35 0 -91 0 65 0 -64 1 46 0 78 0], 3.5, 16.5, 6.5
AM1V430 @A856F0, 23068, Thu Nov 02 16:35:46 GMT+01:00 2023, 12861, [61 50 56 -1 -35 0 88 -4 60 0 58 0 58 0 -73 1 40 0 84 0], 6.0, 5.8, 5.8
AM1V430 @A856F0, 23120, Thu Nov 02 16:35:46 GMT+01:00 2023, 12867, [67 50 90 -1 0 1 82 -4 -2 -1 6 0 119 0 -76 1 51 0 93 0], -0.2, 0.6, 11.9
AM1V430 @A856F0, 23154, Thu Nov 02 16:35:46 GMT+01:00 2023, 12873, [73 50 53 -1 -47 0 105 -4 53 0 -81 -1 -17 -1 -73 1 45 0 76 0], 5.3, -8.1, -1.7
AM1V430 @A856F0, 23206, Thu Nov 02 16:35:46 GMT+01:00 2023, 12880, [80 50 11 -1 -60 0 79 -4 126 0 -40 -1 -2 -1 -56 1 40 0 87 0], 12.6, -4.0, -0.2
AM1V430 @A856F0, 23260, Thu Nov 02 16:35:46 GMT+01:00 2023, 12886, [86 50 35 -1 -59 0 71 -4 35 0 -4 -1 23 0 -76 1 49 0 78 0], 3.5, -0.4, 2.3
AM1V430 @A856F0, 23313, Thu Nov 02 16:35:46 GMT+01:00 2023, 12892, [92 50 36 -1 -67 0 61 -4 34 0 79 0 0 0 -64 1 45 0 78 0], 3.4, 7.9, 0.0
AM1V430 @A856F0, 23366, Thu Nov 02 16:35:46 GMT+01:00 2023, 12898, [98 50 47 -1 -55 0 75 -4 0 0 68 0 24 0 -55 1 36 0 72 0], 0.0, 6.8, 2.4
AM1V430 @A856F0, 23419, Thu Nov 02 16:35:46 GMT+01:00 2023, 12905, [105 50 49 -1 -55 0 84 -4 22 0 25 0 8 0 -76 1 36 0 76 0], 2.2, 2.5, 0.8
AM1V430 @A856F0, 23469, Thu Nov 02 16:35:46 GMT+01:00 2023, 12911, [111 50 58 -1 -54 0 95 -4 14 0 56 0 29 0 -67 1 39 0 78 0], 1.4, 5.6, 2.9
AM1V430 @A856F0, 23501, Thu Nov 02 16:35:46 GMT+01:00 2023, 12917, [117 50 54 -1 -67 0 97 -4 77 0 23 0 9 0 -86 1 33 0 82 0], 7.7, 2.3, 0.9
AM1V430 @A856F0, 23557, Thu Nov 02 16:35:46 GMT+01:00 2023, 12923, [123 50 48 -1 -70 0 82 -4 28 0 2 0 13 0 -73 1 30 0 75 0], 2.8, 0.2, 1.3
AM1V430 @A856F0, 23612, Thu Nov 02 16:35:46 GMT+01:00 2023, 12930, [-126 50 44 -1 -83 0 78 -4 74 0 51 0 -9 -1 -77 1 22 0 78 0], 7.4, 5.1, -0.9
AM1V430 @A856F0, 23663, Thu Nov 02 16:35:46 GMT+01:00 2023, 12936, [-120 50 33 -1 -99 0 83 -4 27 0 55 0 8 0 -77 1 31 0 79 0], 2.7, 5.5, 0.8
AM1V430 @A856F0, 23715, Thu Nov 02 16:35:46 GMT+01:00 2023, 12942, [-114 50 56 -1 -57 0 60 -4 7 0 39 0 -28 -1 -83 1 33 0 84 0], 0.7, 3.9, -2.8
AM1V430 @A856F0, 23769, Thu Nov 02 16:35:47 GMT+01:00 2023, 12948, [-108 50 36 -1 -95 0 100 -4 -68 0 -57 0 11 0 -67 1 24 0 76 0], 18.8, 19.9, 1.1
AM1V430 @A856F0, 23821, Thu Nov 02 16:35:47 GMT+01:00 2023, 12955, [-101 50 58 -1 -78 0 127 -4 -12 -1 16 0 25 0 -64 1 30 0 76 0], -1.2, 1.6, 2.5
AM1V430 @A856F0, 23855, Thu Nov 02 16:35:47 GMT+01:00 2023, 12961, [-95 50 34 -1 -88 0 71 -4 -18 -1 4 0 25 0 -62 1 28 0 72 0], -1.8, 0.4, 2.5
AM1V430 @A856F0, 23909, Thu Nov 02 16:35:47 GMT+01:00 2023, 12967, [-89 50 32 -1 -99 0 69 -4 -32 -1 50 0 11 0 -79 1 22 0 73 0], -3.2, 5.0, 1.1
AM1V430 @A856F0, 23961, Thu Nov 02 16:35:47 GMT+01:00 2023, 12973, [-83 50 49 -1 -85 0 88 -4 -42 -1 58 0 23 0 -70 1 25 0 78 0], -4.2, 5.8, 2.3
AM1V430 @A856F0, 24013, Thu Nov 02 16:35:47 GMT+01:00 2023, 12980, [-76 50 73 -1 -62 0 93 -4 -38 -1 56 0 23 0 -79 1 27 0 78 0], -3.8, 5.6, 2.3
AM1V430 @A856F0, 24066, Thu Nov 02 16:35:47 GMT+01:00 2023, 12986, [-70 50 57 -1 -90 0 84 -4 9 0 -9 -1 -14 -1 -77 1 30 0 85 0], 0.9, -0.9, -1.4
AM1V430 @A856F0, 24118, Thu Nov 02 16:35:47 GMT+01:00 2023, 12992, [-64 50 45 -1 -85 0 63 -4 6 0 12 0 -14 -1 -74 1 16 0 82 0], 0.6, 1.2, -1.4
AM1V430 @A856F0, 24172, Thu Nov 02 16:35:47 GMT+01:00 2023, 12998, [-58 50 37 -1 -119 0 88 -4 -4 -1 -8 -1 16 0 -76 1 18 0 82 0], -0.4, -0.8, 1.6
AM1V430 @A856F0, 24203, Thu Nov 02 16:35:47 GMT+01:00 2023, 13005, [-51 50 55 -1 -93 0 88 -4 -14 -1 25 0 -3 -1 -77 1 24 0 72 0], -1.4, 2.5, -0.3
AM1V430 @A856F0, 24258, Thu Nov 02 16:35:47 GMT+01:00 2023, 13011, [-45 50 64 -1 -88 0 87 -4 -19 -1 1 0 21 0 -82 1 27 0 84 0], -1.9, 0.1, 2.1
AM1V430 @A856F0, 24307, Thu Nov 02 16:35:47 GMT+01:00 2023, 13017, [-39 50 47 -1 -100 0 72 -4 -6 -1 -2 -1 8 0 -83 1 18 0 73 0], -0.6, -0.2, 0.8
AM1V430 @A856F0, 24361, Thu Nov 02 16:35:47 GMT+01:00 2023, 13023, [-33 50 57 -1 -90 0 71 -4 -19 -1 4 0 10 0 -76 1 25 0 75 0], -1.9, 0.4, 1.0
AM1V430 @A856F0, 24411, Thu Nov 02 16:35:47 GMT+01:00 2023, 13030, [-26 50 53 -1 -90 0 66 -4 -21 -1 21 0 23 0 -79 1 19 0 75 0], -2.1, 2.1, 2.3
AM1V430 @A856F0, 24467, Thu Nov 02 16:35:47 GMT+01:00 2023, 13036, [-20 50 54 -1 -94 0 75 -4 -21 -1 -6 -1 16 0 -77 1 24 0 85 0], -2.1, -0.6, 1.6
AM1V430 @A856F0, 24536, Thu Nov 02 16:35:47 GMT+01:00 2023, 13042, [-14 50 59 -1 -88 0 98 -4 -9 -1 18 0 26 0 -77 1 25 0 72 0], -0.9, 1.8, 2.6
AM1V430 @A856F0, 24576, Thu Nov 02 16:35:47 GMT+01:00 2023, 13048, [-8 50 29 -1 -113 0 73 -4 -3 -1 28 0 -10 -1 -76 1 21 0 69 0], -0.3, 2.8, -1.0
